m,j,gap,side,hx,hy
1,1571,1571,down,-0.9999999187321829,-0.00040315707600664506
2,3142,1571,up,0.9999996749287441,0.0008063140864872236
3,4713,1571,down,-0.9999992685897239,-0.001209470965912509
4,6284,1571,up,0.999998699715188,0.001612627648753059
5,7854,1570,down,-0.9999999998753679,-1.5788101300051672e-05
6,9425,1571,up,0.999999912242466,0.00041894517597345537
7,10996,1571,down,-0.9999996620739438,-0.0008221021825523943
8,12567,1571,up,0.9999992493698417,0.00122525905551131
9,14138,1571,down,-0.9999986741302272,-0.0016284157293206148
10,15708,1570,up,0.9999999995014718,3.1576202594165406e-05
11,17279,1571,down,-0.9999999055034849,-0.00043473327583257317
12,18850,1571,up,0.999999648969879,0.000837890278411397
13,20421,1571,down,-0.9999992299006958,-0.0012410471448039582
14,21992,1571,up,0.9999986482960028,0.0016442038094849386
15,23562,1570,down,-0.9999999988783113,-4.736430387825028e-05
16,25133,1571,up,0.9999998985152398,0.00045052137558273706
17,26704,1571,down,-0.9999996356165504,-0.0008536783740608576
18,28275,1571,up,0.9999992101822857,0.0012568352337867241
19,29846,1571,down,-0.9999986222125146,-0.0016599918892318281
20,31416,1570,up,0.9999999980058869,6.315240515060825e-05
21,32987,1571,down,-0.9999998912777309,-0.0004663094752207688
22,34558,1571,up,0.9999996220139576,0.0008694664695005818
23,36129,1571,down,-0.9999991902146117,-0.001272623322459267
24,37700,1571,up,0.9999985958797626,0.0016757799685721906
25,39270,1570,down,-0.9999999968841982,-7.894050641200968e-05
26,40841,1571,up,0.9999998837909575,0.0004820975747467092
27,42412,1571,down,-0.9999996081621011,-0.000885254564724492
28,43983,1571,up,0.9999991699976738,0.0012884114108143243
29,45554,1571,down,-0.9999985692977468,-0.0016915680474927986
30,47124,1570,up,0.9999999955132454,9.472860765171998e-05
31,48695,1571,down,-0.9999998760549201,-0.0004978856741521174
32,50266,1571,up,0.9999995940609804,0.0009010426597262491
33,51837,1571,down,-0.9999991495314721,-0.0013041994988483951
34,53408,1571,up,0.9999985424664674,0.0017073561259953413
35,54978,1570,down,-0.9999999938930284,-0.00011051670887020903
36,56549,1571,up,0.9999998680696186,0.0005136737734344706
37,58120,1571,down,-0.9999995797105955,-0.0009168307545070712
38,59691,1571,up,0.9999991288160062,0.0013199875865626662
39,61262,1571,down,-0.9999985153859239,-0.0017231442040739808
40,62832,1570,up,0.9999999920235474,0.00012630481006319877
41,64403,1571,down,-0.9999998598350529,-0.0005294618725899146
42,65974,1571,up,0.9999995651109466,0.0009326188490603002
43,67545,1571,down,-0.9999991078512767,-0.0013357756739464377
44,69116,1571,up,0.9999984880561169,0.0017389322817226874
45,70686,1570,down,-0.9999999899048022,-0.0001420929112207807
46,72257,1571,up,0.9999998513512232,0.0005452499716094729
47,73828,1571,down,-0.9999995502620338,-0.0009484069433753203
48,75399,1571,up,0.999999086637283,0.0013515637609923439
49,76970,1571,down,-0.999998460477046,-0.0017547203589320024
50,78540,1570,up,0.999999987536793,0.00015788101234163866
51,80111,1571,down,-0.9999998426181292,-0.0005610380704940253
52,81682,1571,up,0.9999995351638569,0.0009641950374571343
53,83253,1571,down,-0.9999990651740254,-0.0013673518477025132
54,84824,1571,up,0.9999984326487114,0.0017705084357062498
55,86394,1570,down,-0.9999999849195194,-0.00017366911342600995
56,87965,1571,up,0.9999998336357715,0.000576826169239486
57,89536,1571,down,-0.9999995198164158,-0.0009799831312978658
58,91107,1571,up,0.9999990434615039,0.001383139934073919
59,92678,1571,down,-0.9999984045711129,-0.0017862965120414764
60,94248,1570,up,0.9999999820529818,0.00018945721446528795
61,95819,1571,down,-0.9999998244041494,-0.0005926142678407507
62,97390,1571,up,0.9999995042197108,0.0009957712248936795
63,98961,1571,down,-0.9999990214997186,-0.0013989280200981098
64,100532,1571,up,0.9999983762442507,0.0018020845879255934
65,102102,1570,down,-0.99999997893718,-0.00020524531545230545
66,103673,1571,up,0.9999998149232632,0.0006084023662894329
67,105244,1571,down,-0.9999994883737419,-0.001011559318238114
68,106815,1571,up,0.9999989992886694,0.001414716105770959
69,108386,1571,down,-0.9999983476681249,-0.0018178726633642458
70,109956,1570,up,0.9999999755721141,0.00022103341639425584
71,111527,1571,down,-0.999999805193113,-0.0006241904645899978
72,113098,1571,up,0.9999994722785089,0.001027347411331451
73,114669,1571,down,-0.9999989768283564,-0.001430504191093715
74,116240,1571,up,0.9999983188427352,0.0018336607383475812
75,117810,1570,down,-0.999999971957784,-0.00023682151727889893
76,119381,1571,up,0.9999997952136986,0.0006399785627353652
77,120952,1571,down,-0.9999994559340121,-0.0010431355041701298
78,122523,1571,up,0.9999989541187791,0.001446292276057962
79,124094,1571,down,-0.9999982897680818,-0.0018494488128745067
80,125664,1570,up,0.9999999680941899,0.0002526096181066366
81,127235,1571,down,-0.9999997849850203,-0.0006557666607226235
82,128806,1571,up,0.9999994393402509,0.0010589235967536396
83,130377,1571,down,-0.9999989311599382,-0.0014620803606675047
84,131948,1571,up,0.9999982604441647,0.0018652368869448127
85,133518,1570,down,-0.9999999639813316,-0.0002683977188725077
86,135089,1571,up,0.9999997745070777,0.0006715547585456009
87,136660,1571,down,-0.9999994224972258,-0.0010747116890674274
88,138231,1571,up,0.9999989079518335,0.0014778684449092395
89,139802,1571,down,-0.999998230870984,-0.0018810249605470835
90,141372,1570,up,0.9999999596192092,0.00028418581957018874
91,142943,1571,down,-0.9999997637798711,-0.0006873428562025522
92,144514,1571,up,0.9999994054049369,0.0010904997811174602
93,146085,1571,down,-0.9999988844944648,-0.0014936565287831235
94,147656,1571,up,0.9999982010485394,0.001896813033681073
95,149226,1570,down,-0.9999999550078226,-0.0002999739201936309
96,150797,1571,up,0.9999997528034005,0.0007031309536819245
97,152368,1571,down,-0.999999388063384,-0.0011062878728873666
98,153939,1571,up,0.9999988607878323,0.0015094446122818884
99,155510,1571,down,-0.9999981709768314,-0.0019126011063386708
100,157080,1570,up,0.9999999501471719,0.00031576202074385485
101,158651,1571,down,-0.9999997415776657,-0.0007189190509901434
102,160222,1571,up,0.999999370472567,0.001122075964386593
103,161793,1571,down,-0.9999988368319359,-0.001525232695405421
104,163364,1571,up,0.9999981406558595,0.001928389178519353
105,164934,1570,down,-0.999999945037257,-0.0003315501212128089
106,166505,1571,up,0.9999997301026669,0.0007347071481153916
107,168076,1571,down,-0.999999352632486,-0.0011378640556012692
108,169647,1571,up,0.9999988126267758,0.0015410207781440944
109,171218,1571,down,-0.9999981100856239,-0.0019441772502186768
110,172788,1570,up,0.9999999396780782,0.0003473382215977231
111,174359,1571,down,-0.9999997183784038,-0.000750495245058804
112,175930,1571,up,0.999999334543141,0.001153652146537693
113,177501,1571,down,-0.9999987881723515,-0.0015568088605048855
114,179072,1571,up,0.9999980792661248,0.0019599653214359084
115,180642,1570,down,-0.999999934069635,-0.0003631263219007915
116,182213,1571,up,0.999999706404877,0.0007662833418167526
117,183784,1571,down,-0.999999316204532,-0.0011694402371835346
118,185355,1571,up,0.9999987634686637,0.0015725969424764984
119,186926,1571,down,-0.9999980481973619,-0.001975753392165762
120,188496,1570,up,0.9999999282119277,0.00037891442211435264
121,190067,1571,down,-0.999999694182086,-0.0007820714383855087
122,191638,1571,up,0.9999992976166591,0.001185228327541294
123,193209,1571,down,-0.999998738515712,-0.0015883850240553442
124,194780,1571,up,0.9999980168793355,0.001991541462401055
125,196350,1570,down,-0.9999999221049566,-0.00039470252223112074
126,197921,1571,up,0.9999996817100307,0.0007978595347562766
127,199492,1571,down,-0.9999992787795222,-0.0012010164176010857
