m,r,r_in,am,gm,tau
1,1.0,1.0,1.0,1.0,0.0
2,2.0,0.5,1.25,1.0,0.25
3,3.0,0.3333333333333333,1.6666666666666667,1.0,0.6666666666666667
4,4.0,0.25,2.125,1.0,1.125
5,5.0,0.2,2.6,1.0,1.6
6,6.0,0.16666666666666666,3.0833333333333335,1.0,2.0833333333333335
7,7.0,0.14285714285714285,3.5714285714285716,1.0,2.5714285714285716
8,8.0,0.125,4.0625,1.0,3.0625
9,9.0,0.1111111111111111,4.555555555555555,1.0,3.5555555555555554
10,10.0,0.1,5.05,1.0,4.05
11,11.0,0.09090909090909091,5.545454545454546,1.0,4.545454545454546
12,12.0,0.08333333333333333,6.041666666666667,1.0,5.041666666666667
13,13.0,0.07692307692307693,6.538461538461538,1.0,5.538461538461538
14,14.0,0.07142857142857142,7.035714285714286,1.0,6.035714285714286
15,15.0,0.06666666666666667,7.533333333333333,1.0,6.533333333333333
16,16.0,0.0625,8.03125,1.0,7.03125
17,17.0,0.058823529411764705,8.529411764705882,1.0,7.529411764705882
18,18.0,0.05555555555555555,9.027777777777779,1.0,8.027777777777779
19,19.0,0.05263157894736842,9.526315789473685,1.0,8.526315789473685
20,20.0,0.05,10.025,1.0,9.025
21,21.0,0.047619047619047616,10.523809523809524,1.0,9.523809523809524
22,22.0,0.045454545454545456,11.022727272727273,1.0,10.022727272727273
23,23.0,0.043478260869565216,11.521739130434783,1.0,10.521739130434783
24,24.0,0.041666666666666664,12.020833333333334,1.0,11.020833333333334
25,25.0,0.04,12.52,1.0,11.52
26,26.0,0.038461538461538464,13.01923076923077,1.0,12.01923076923077
27,27.0,0.037037037037037035,13.518518518518519,1.0,12.518518518518519
28,28.0,0.03571428571428571,14.017857142857142,1.0,13.017857142857142
29,29.0,0.034482758620689655,14.517241379310345,1.0,13.517241379310345
30,30.0,0.03333333333333333,15.016666666666667,1.0,14.016666666666667
31,31.0,0.03225806451612903,15.516129032258064,1.0,14.516129032258064
32,32.0,0.03125,16.015625,1.0,15.015625
33,33.0,0.030303030303030304,16.515151515151516,1.0,15.515151515151516
34,34.0,0.029411764705882353,17.014705882352942,1.0,16.014705882352942
35,35.0,0.02857142857142857,17.514285714285716,1.0,16.514285714285716
36,36.0,0.027777777777777776,18.01388888888889,1.0,17.01388888888889
37,37.0,0.02702702702702703,18.513513513513512,1.0,17.513513513513512
38,38.0,0.02631578947368421,19.013157894736842,1.0,18.013157894736842
39,39.0,0.02564102564102564,19.512820512820515,1.0,18.512820512820515
40,40.0,0.025,20.0125,1.0,19.0125
41,41.0,0.024390243902439025,20.51219512195122,1.0,19.51219512195122
42,42.0,0.023809523809523808,21.011904761904763,1.0,20.011904761904763
43,43.0,0.023255813953488372,21.511627906976745,1.0,20.511627906976745
44,44.0,0.022727272727272728,22.011363636363637,1.0,21.011363636363637
45,45.0,0.022222222222222223,22.511111111111113,1.0,21.511111111111113
46,46.0,0.021739130434782608,23.01086956521739,1.0,22.01086956521739
47,47.0,0.02127659574468085,23.51063829787234,1.0,22.51063829787234
48,48.0,0.020833333333333332,24.010416666666668,1.0,23.010416666666668
49,49.0,0.02040816326530612,24.510204081632654,0.9999999999999999,23.510204081632654
50,50.0,0.02,25.01,1.0,24.01
51,51.0,0.0196078431372549,25.50980392156863,1.0,24.50980392156863
52,52.0,0.019230769230769232,26.009615384615383,1.0,25.009615384615383
53,53.0,0.018867924528301886,26.50943396226415,1.0,25.50943396226415
54,54.0,0.018518518518518517,27.00925925925926,1.0,26.00925925925926
55,55.0,0.01818181818181818,27.509090909090908,1.0,26.509090909090908
56,56.0,0.017857142857142856,28.008928571428573,1.0,27.008928571428573
57,57.0,0.017543859649122806,28.50877192982456,1.0,27.50877192982456
58,58.0,0.017241379310344827,29.00862068965517,1.0,28.00862068965517
59,59.0,0.01694915254237288,29.508474576271187,1.0,28.508474576271187
60,60.0,0.016666666666666666,30.008333333333333,1.0,29.008333333333333
61,61.0,0.01639344262295082,30.508196721311474,1.0,29.508196721311474
62,62.0,0.016129032258064516,31.008064516129032,1.0,30.008064516129032
63,63.0,0.015873015873015872,31.50793650793651,1.0,30.50793650793651
64,64.0,0.015625,32.0078125,1.0,31.0078125
65,65.0,0.015384615384615385,32.50769230769231,1.0,31.50769230769231
66,66.0,0.015151515151515152,33.00757575757576,1.0,32.00757575757576
67,67.0,0.014925373134328358,33.507462686567166,1.0,32.507462686567166
68,68.0,0.014705882352941176,34.00735294117647,1.0,33.00735294117647
69,69.0,0.014492753623188406,34.507246376811594,1.0,33.507246376811594
70,70.0,0.014285714285714285,35.00714285714286,1.0,34.00714285714286
71,71.0,0.014084507042253521,35.50704225352113,1.0,34.50704225352113
72,72.0,0.013888888888888888,36.00694444444444,1.0,35.00694444444444
73,73.0,0.0136986301369863,36.50684931506849,1.0,35.50684931506849
74,74.0,0.013513513513513514,37.00675675675676,1.0,36.00675675675676
75,75.0,0.013333333333333334,37.50666666666667,1.0,36.50666666666667
76,76.0,0.013157894736842105,38.00657894736842,1.0,37.00657894736842
77,77.0,0.012987012987012988,38.506493506493506,1.0,37.506493506493506
78,78.0,0.01282051282051282,39.006410256410255,1.0,38.006410256410255
79,79.0,0.012658227848101266,39.50632911392405,1.0,38.50632911392405
80,80.0,0.0125,40.00625,1.0,39.00625
81,81.0,0.012345679012345678,40.50617283950617,1.0,39.50617283950617
82,82.0,0.012195121951219513,41.00609756097561,1.0,40.00609756097561
83,83.0,0.012048192771084338,41.506024096385545,1.0,40.506024096385545
84,84.0,0.011904761904761904,42.00595238095238,1.0,41.00595238095238
85,85.0,0.011764705882352941,42.50588235294118,1.0,41.50588235294118
86,86.0,0.011627906976744186,43.00581395348837,1.0,42.00581395348837
87,87.0,0.011494252873563218,43.50574712643678,1.0,42.50574712643678
88,88.0,0.011363636363636364,44.00568181818182,1.0,43.00568181818182
89,89.0,0.011235955056179775,44.50561797752809,1.0,43.50561797752809
90,90.0,0.011111111111111112,45.00555555555555,1.0,44.00555555555555
91,91.0,0.01098901098901099,45.505494505494504,1.0,44.505494505494504
92,92.0,0.010869565217391304,46.005434782608695,1.0,45.005434782608695
93,93.0,0.010752688172043012,46.505376344086024,1.0,45.505376344086024
94,94.0,0.010638297872340425,47.005319148936174,1.0,46.005319148936174
95,95.0,0.010526315789473684,47.50526315789474,1.0,46.50526315789474
96,96.0,0.010416666666666666,48.005208333333336,1.0,47.005208333333336
97,97.0,0.010309278350515464,48.50515463917526,1.0,47.50515463917526
98,98.0,0.01020408163265306,49.005102040816325,0.9999999999999999,48.005102040816325
99,99.0,0.010101010101010102,49.505050505050505,1.0,48.505050505050505
100,100.0,0.01,50.005,1.0,49.005
101,101.0,0.009900990099009901,50.504950495049506,1.0,49.504950495049506
102,102.0,0.00980392156862745,51.004901960784316,1.0,50.004901960784316
103,103.0,0.009708737864077669,51.50485436893204,0.9999999999999999,50.50485436893204
104,104.0,0.009615384615384616,52.00480769230769,1.0,51.00480769230769
105,105.0,0.009523809523809525,52.50476190476191,1.0,51.50476190476191
106,106.0,0.009433962264150943,53.00471698113208,1.0,52.00471698113208
107,107.0,0.009345794392523364,53.504672897196265,0.9999999999999999,52.504672897196265
108,108.0,0.009259259259259259,54.004629629629626,1.0,53.004629629629626
109,109.0,0.009174311926605505,54.5045871559633,1.0,53.5045871559633
110,110.0,0.00909090909090909,55.00454545454546,1.0,54.00454545454546
111,111.0,0.009009009009009009,55.5045045045045,1.0,54.5045045045045
112,112.0,0.008928571428571428,56.004464285714285,1.0,55.004464285714285
113,113.0,0.008849557522123894,56.50442477876106,1.0,55.50442477876106
114,114.0,0.008771929824561403,57.00438596491228,1.0,56.00438596491228
115,115.0,0.008695652173913044,57.504347826086956,1.0,56.504347826086956
116,116.0,0.008620689655172414,58.00431034482759,1.0,57.00431034482759
117,117.0,0.008547008547008548,58.504273504273506,1.0,57.504273504273506
118,118.0,0.00847457627118644,59.00423728813559,1.0,58.00423728813559
119,119.0,0.008403361344537815,59.50420168067227,1.0,58.50420168067227
120,120.0,0.008333333333333333,60.00416666666667,1.0,59.00416666666667
121,121.0,0.008264462809917356,60.50413223140496,1.0,59.50413223140496
122,122.0,0.00819672131147541,61.00409836065574,1.0,60.00409836065574
123,123.0,0.008130081300813009,61.50406504065041,1.0,60.50406504065041
124,124.0,0.008064516129032258,62.00403225806452,1.0,61.00403225806452
125,125.0,0.008,62.504,1.0,61.504
126,126.0,0.007936507936507936,63.00396825396825,1.0,62.00396825396825
127,127.0,0.007874015748031496,63.503937007874015,1.0,62.503937007874015
