n,k,x,y
1,0,3.061616997868383e-17,0.5
2,0,6.123233995736766e-17,1.0
2,1,-1.8369701987210297e-16,-1.0
3,0,9.184850993605148e-17,1.5
3,1,-1.2990381056766582,-0.7499999999999996
3,2,1.2990381056766576,-0.7500000000000007
4,0,1.2246467991473532e-16,2.0
4,1,-2.0,2.4492935982947064e-16
4,2,-3.6739403974420594e-16,-2.0
4,3,2.0,-4.898587196589413e-16
5,0,1.5308084989341916e-16,2.5
5,1,-2.3776412907378837,0.7725424859373687
5,2,-1.4694631307311832,-2.022542485937368
5,3,1.4694631307311823,-2.022542485937369
5,4,2.377641290737884,0.772542485937368
6,0,1.8369701987210297e-16,3.0
6,1,-2.5980762113533156,1.5000000000000009
6,2,-2.5980762113533165,-1.4999999999999991
6,3,-5.51091059616309e-16,-3.0
6,4,2.598076211353315,-1.5000000000000013
6,5,2.598076211353316,1.5
7,0,2.143131898507868e-16,3.5
7,1,-2.7364101886381045,2.1822143065055677
7,2,-3.4122476926363827,-0.7788232688471
7,3,-1.5185930869114541,-3.1533910376584666
7,4,1.5185930869114528,-3.1533910376584675
7,5,3.4122476926363823,-0.7788232688471013
7,6,2.736410188638105,2.182214306505567
8,0,2.4492935982947064e-16,4.0
8,1,-2.82842712474619,2.8284271247461903
8,2,-4.0,4.898587196589413e-16
8,3,-2.8284271247461907,-2.82842712474619
8,4,-7.347880794884119e-16,-4.0
8,5,2.8284271247461894,-2.8284271247461907
8,6,4.0,-9.797174393178826e-16
8,7,2.8284271247461907,2.8284271247461894
9,0,2.755455298081545e-16,4.5
9,1,-2.8925442435894273,3.447199994035401
9,2,-4.431634888554936,0.7814167995011863
9,3,-3.897114317029975,-2.2499999999999987
9,4,-1.5390906449655084,-4.228616793536588
9,5,1.5390906449655066,-4.228616793536588
9,6,3.8971143170299727,-2.2500000000000018
9,7,4.431634888554937,0.7814167995011846
9,8,2.892544243589428,3.4471999940354
10,0,3.061616997868383e-16,5.0
10,1,-2.938926261462365,4.045084971874737
10,2,-4.755282581475767,1.5450849718747375
10,3,-4.755282581475768,-1.5450849718747364
10,4,-2.9389262614623664,-4.045084971874736
10,5,-9.184850993605148e-16,-5.0
10,6,2.9389262614623646,-4.045084971874738
10,7,4.755282581475767,-1.5450849718747381
10,8,4.755282581475768,1.545084971874736
10,9,2.938926261462367,4.045084971874736
11,0,3.3677786976552215e-16,5.5
11,1,-2.973524496005787,4.626894430571496
11,2,-5.002975974449852,2.284782571510375
11,3,-5.44401793034513,-0.782731610503067
11,4,-4.156622658948421,-3.6017340366990673
11,5,-1.5495290626278635,-5.277211354879736
11,6,1.5495290626278613,-5.277211354879736
11,7,4.156622658948418,-3.6017340366990704
11,8,5.4440179303451295,-0.7827316105030692
11,9,5.002975974449852,2.284782571510373
11,10,2.9735244960057865,4.626894430571497
12,0,3.6739403974420594e-16,6.0
12,1,-2.9999999999999987,5.196152422706632
12,2,-5.196152422706631,3.0000000000000018
12,3,-6.0,7.347880794884119e-16
12,4,-5.196152422706633,-2.9999999999999982
12,5,-2.999999999999998,-5.196152422706633
12,6,-1.102182119232618e-15,-6.0
12,7,2.999999999999996,-5.196152422706634
12,8,5.19615242270663,-3.0000000000000027
12,9,6.0,-1.4695761589768238e-15
12,10,5.196152422706632,3.0
12,11,3.0000000000000036,5.19615242270663
13,0,3.9801020972288977e-16,6.5
13,1,-3.0207006182844953,5.755464166745864
13,2,-5.349395128308767,3.692420853752513
13,3,-6.4526076816373505,0.7834884216596
13,4,-6.077605577455197,-2.3049317657764816
13,5,-4.3102972785651685,-4.865319863112157
13,6,-1.5555518178691252,-6.311121813269338
13,7,1.555551817869123,-6.311121813269339
13,8,4.3102972785651685,-4.865319863112157
13,9,6.077605577455196,-2.304931765776484
13,10,6.4526076816373505,0.7834884216596004
13,11,5.349395128308771,3.6924208537525063
13,12,3.020700618284495,5.755464166745864
14,0,4.286263797015736e-16,7.0
14,1,-3.0371861738229065,6.306782075316934
14,2,-5.472820377276209,4.364428613011135
14,3,-6.8244953852727654,1.5576465376942015
14,4,-6.8244953852727654,-1.5576465376942
14,5,-5.472820377276209,-4.364428613011134
14,6,-3.0371861738229082,-6.306782075316933
14,7,-1.2858791391047208e-15,-7.0
14,8,3.0371861738229056,-6.306782075316935
14,9,5.472820377276208,-4.364428613011136
14,10,6.824495385272765,-1.5576465376942026
14,11,6.824495385272767,1.557646537694193
14,12,5.47282037727621,4.364428613011134
14,13,3.037186173822903,6.306782075316936
15,0,4.592425496802575e-16,7.5
15,1,-3.0505248230685003,6.851590932319508
15,2,-5.573586191080455,5.018479547691437
15,3,-7.132923872213651,2.3176274578121063
15,4,-7.458914215262051,-0.7839634745073979
15,5,-6.495190528383291,-3.749999999999998
15,6,-4.408389392193549,-6.067627457812105
15,7,-1.559337681133192,-7.336107005503543
15,8,1.5593376811331892,-7.3361070055035436
15,9,4.408389392193547,-6.067627457812106
15,10,6.495190528383288,-3.7500000000000036
15,11,7.45891421526205,-0.7839634745074073
15,12,7.132923872213652,2.3176274578121037
15,13,5.573586191080455,5.018479547691438
15,14,3.0505248230685016,6.851590932319507
16,0,4.898587196589413e-16,8.0
16,1,-3.061467458920718,7.391036260090294
16,2,-5.65685424949238,5.656854249492381
16,3,-7.391036260090294,3.061467458920719
16,4,-8.0,9.797174393178826e-16
16,5,-7.391036260090295,-3.0614674589207174
16,6,-5.6568542494923815,-5.65685424949238
16,7,-3.0614674589207227,-7.391036260090292
16,8,-1.4695761589768238e-15,-8.0
16,9,3.06146745892072,-7.391036260090293
16,10,5.656854249492379,-5.6568542494923815
16,11,7.391036260090292,-3.061467458920723
16,12,8.0,-1.959434878635765e-15
16,13,7.391036260090294,3.0614674589207196
16,14,5.6568542494923815,5.656854249492379
16,15,3.0614674589207236,7.391036260090292
17,0,5.204748896376251e-16,8.5
17,1,-3.0705541625908,7.926013949937024
17,2,-5.726412970995736,6.281575796375602
17,3,-7.608887976518029,3.788776024100576
17,4,-8.463740498507795,0.7842810554380657
17,5,-8.175517966968961,-2.326135415612704
17,6,-6.783146431882036,-5.122394409223678
17,7,-4.474673384457527,-7.226845653701719
17,8,-1.5618709014408447,-8.355271347313167
17,9,1.5618709014408418,-8.355271347313167
17,10,4.474673384457525,-7.22684565370172
17,11,6.78314643188203,-5.122394409223686
17,12,8.175517966968961,-2.3261354156127068
17,13,8.463740498507793,0.7842810554380703
17,14,7.608887976518033,3.78877602410057
17,15,5.726412970995742,6.281575796375598
17,16,3.0705541625908013,7.9260139499370235
18,0,5.51091059616309e-16,9.0
18,1,-3.0781812899310186,8.457233587073176
18,2,-5.785088487178855,6.894399988070802
18,3,-7.794228634059946,4.500000000000003
18,4,-8.863269777109872,1.5628335990023725
18,5,-8.863269777109874,-1.5628335990023703
18,6,-7.79422863405995,-4.499999999999997
18,7,-5.7850884871788555,-6.894399988070801
18,8,-3.078181289931017,-8.457233587073176
18,9,-1.6532731788489267e-15,-9.0
18,10,3.0781812899310133,-8.457233587073176
18,11,5.7850884871788475,-6.894399988070808
18,12,7.794228634059945,-4.5000000000000036
18,13,8.863269777109872,-1.5628335990023734
18,14,8.863269777109874,1.5628335990023692
18,15,7.794228634059952,4.499999999999994
18,16,5.785088487178856,6.8943999880708
18,17,3.0781812899310177,8.457233587073176
19,0,5.817072295949927e-16,9.5
19,1,-3.084644957444493,8.98526379615603
19,2,-5.835020770551845,7.496834839265739
19,3,-7.953081543494021,5.196007502163055
19,4,-9.20930252642364,2.332112127837591
19,5,-9.467552683563364,-0.7845037819871581
19,6,-8.699846603223046,-3.816106534203211
19,7,-6.989377151394752,-6.434174930444538
19,8,-4.521500233852197,-8.355000636461646
19,9,-1.563648607666978,-9.370432382325863
19,10,1.5636486076669747,-9.370432382325863
19,11,4.521500233852194,-8.355000636461648
19,12,6.989377151394752,-6.434174930444538
19,13,8.699846603223047,-3.8161065342032066
19,14,9.467552683563364,-0.7845037819871615
19,15,9.20930252642364,2.3321121278375876
19,16,7.953081543494023,5.196007502163052
19,17,5.83502077055184,7.496834839265742
19,18,3.084644957444496,8.985263796156028
20,0,6.123233995736766e-16,10.0
20,1,-3.0901699437494736,9.510565162951536
20,2,-5.87785252292473,8.090169943749475
20,3,-8.090169943749473,5.877852522924733
20,4,-9.510565162951535,3.090169943749475
20,5,-10.0,1.2246467991473533e-15
20,6,-9.510565162951536,-3.0901699437494727
20,7,-8.090169943749476,-5.87785252292473
20,8,-5.877852522924733,-8.090169943749473
20,9,-3.0901699437494754,-9.510565162951535
20,10,-1.8369701987210296e-15,-10.0
20,11,3.0901699437494723,-9.510565162951536
20,12,5.877852522924729,-8.090169943749476
20,13,8.090169943749473,-5.877852522924734
20,14,9.510565162951535,-3.0901699437494763
20,15,10.0,-2.4492935982947065e-15
20,16,9.510565162951536,3.090169943749472
20,17,8.090169943749476,5.877852522924729
20,18,5.877852522924734,8.090169943749473
20,19,3.090169943749477,9.510565162951535
21,0,6.429395695523604e-16,10.5
21,1,-3.094929331314494,10.033514460754477
21,2,-5.914860609668032,8.675507130317945
21,3,-8.209230565914313,6.546642919516703
21,4,-9.774174360764146,3.8360807558471457
21,5,-10.470639870402392,0.784665982657459
21,6,-10.236743077909148,-2.3364698065413
21,7,-9.093266739736608,-5.249999999999997
21,8,-7.141813746594654,-7.697044654213177
21,9,-4.555779260734362,-9.4601731129754
21,10,-1.5649437948498397,-10.382723675363849
21,11,1.5649437948498266,-10.38272367536385
21,12,4.555779260734359,-9.460173112975403
21,13,7.1418137465946545,-7.697044654213175
21,14,9.093266739736602,-5.250000000000004
21,15,10.236743077909146,-2.3364698065413037
21,16,10.470639870402392,0.7846659826574551
21,17,9.774174360764144,3.836080755847151
21,18,8.209230565914316,6.5466429195167
21,19,5.914860609668039,8.675507130317941
21,20,3.0949293313145,10.033514460754477
22,0,6.735557395310443e-16,11.0
22,1,-3.0990581252557265,10.554422709759471
22,2,-5.947048992011574,9.253788861142992
22,3,-8.31324531789684,7.203468073398137
22,4,-10.005951948899703,4.56956514302075
22,5,-10.888035860690259,1.5654632210061368
22,6,-10.88803586069026,-1.565463221006134
22,7,-10.005951948899703,-4.569565143020747
22,8,-8.313245317896842,-7.203468073398135
22,9,-5.947048992011572,-9.253788861142993
22,10,-3.099058125255727,-10.554422709759471
22,11,-2.0206672185931327e-15,-11.0
22,12,3.0990581252557226,-10.554422709759471
22,13,5.947048992011569,-9.253788861142995
22,14,8.313245317896836,-7.203468073398141
22,15,10.005951948899698,-4.56956514302076
22,16,10.888035860690259,-1.5654632210061383
22,17,10.88803586069026,1.565463221006133
22,18,10.005951948899703,4.569565143020746
22,19,8.313245317896845,7.20346807339813
22,20,5.947048992011573,9.253788861142993
22,21,3.0990581252557283,10.554422709759471
23,0,7.041719095097281e-16,11.5
23,1,-3.102662868305777,11.073548804499692
23,2,-5.975215425407484,9.82582315228462
23,3,-8.404613589198428,7.849361147014522
23,4,-10.210680011627314,5.290747933908251
23,5,-11.259467008346714,2.3397441501052865
23,6,-11.4731908456912,-0.784787753693717
23,7,-10.836000604366436,-3.85111553996634
23,8,-9.395153769620084,-6.63182370432097
23,9,-7.257511359749611,-8.920679843100825
23,10,-4.581612533231772,-10.547929967312712
23,11,-1.5659164646068422,-11.392888379417803
23,12,1.565916464606838,-11.392888379417803
23,13,4.581612533231778,-10.547929967312708
23,14,7.257511359749607,-8.920679843100828
23,15,9.395153769620082,-6.631823704320974
23,16,10.836000604366435,-3.851115539966344
23,17,11.473190845691201,-0.7847877536937109
23,18,11.259467008346714,2.3397441501052825
23,19,10.21068001162732,5.290747933908243
23,20,8.404613589198426,7.849361147014522
23,21,5.975215425407487,9.825823152284618
23,22,3.1026628683057904,11.073548804499689
24,0,7.347880794884119e-16,12.0
24,1,-3.1058285412302475,11.59110991546882
24,2,-5.999999999999997,10.392304845413264
24,3,-8.48528137423857,8.485281374238571
24,4,-10.392304845413262,6.0000000000000036
24,5,-11.59110991546882,3.105828541230247
24,6,-12.0,1.4695761589768238e-15
24,7,-11.59110991546882,-3.1058285412302444
24,8,-10.392304845413266,-5.9999999999999964
24,9,-8.485281374238571,-8.48528137423857
24,10,-5.999999999999996,-10.392304845413266
24,11,-3.1058285412302475,-11.59110991546882
24,12,-2.204364238465236e-15,-12.0
24,13,3.1058285412302435,-11.59110991546882
24,14,5.999999999999992,-10.392304845413268
24,15,8.48528137423856,-8.48528137423858
24,16,10.39230484541326,-6.000000000000005
24,17,11.59110991546882,-3.105828541230248
24,18,12.0,-2.9391523179536475e-15
24,19,11.59110991546882,3.1058285412302427
24,20,10.392304845413264,6.0
24,21,8.485281374238571,8.485281374238568
24,22,6.000000000000007,10.39230484541326
24,23,3.1058285412302595,11.591109915468817
25,0,7.654042494670958e-16,12.5
25,1,-3.1086235895606826,12.10728951410789
25,2,-6.021920926271438,10.953833500548296
25,3,-8.55683882410861,9.112107842767642
25,4,-10.554099068775189,6.697834937237459
25,5,-11.888206453689419,3.862712429686844
25,6,-12.475334105353394,0.7848814941164197
25,7,-12.278590634108609,-2.342266432321554
25,8,-11.310338155825244,-5.322241144563408
25,9,-9.631415534697366,-7.96779987185862
25,10,-7.347315653655915,-10.112712429686841
25,11,-4.601556908558472,-11.622206073603143
25,12,-1.5666654195538074,-12.401433766430973
25,13,1.5666654195538028,-12.401433766430973
25,14,4.601556908558468,-11.622206073603145
25,15,7.347315653655912,-10.112712429686844
25,16,9.631415534697368,-7.96779987185862
25,17,11.310338155825246,-5.322241144563403
25,18,12.278590634108609,-2.3422664323215585
25,19,12.475334105353394,0.7848814941164097
25,20,11.88820645368942,3.8627124296868396
25,21,10.554099068775189,6.697834937237459
25,22,8.556838824108613,9.11210784276764
25,23,6.021920926271452,10.953833500548289
25,24,3.1086235895606924,12.107289514107887
26,0,7.960204194457795e-16,13.0
26,1,-3.1111036357382504,12.622243626538676
26,2,-6.041401236568991,11.510928333491728
26,3,-8.620594557130339,9.730639726224313
26,4,-10.698790256617533,7.384841707505026
26,5,-12.155211154910392,4.609863531552966
26,6,-12.905215363274701,1.5669768433192
26,7,-12.905215363274701,-1.5669768433191966
26,8,-12.155211154910393,-4.609863531552963
26,9,-10.698790256617533,-7.384841707505022
26,10,-8.620594557130337,-9.730639726224315
26,11,-6.041401236568999,-11.510928333491725
26,12,-3.1111036357382504,-12.622243626538676
26,13,-2.3880612583373385e-15,-13.0
26,14,3.111103635738246,-12.622243626538678
26,15,6.041401236568984,-11.510928333491732
26,16,8.620594557130337,-9.730639726224315
26,17,10.698790256617533,-7.384841707505027
26,18,12.155211154910392,-4.609863531552968
26,19,12.905215363274701,-1.5669768433192073
26,20,12.905215363274701,1.5669768433192008
26,21,12.155211154910393,4.6098635315529615
26,22,10.698790256617542,7.384841707505013
26,23,8.620594557130342,9.73063972622431
26,24,6.04140123656899,11.510928333491728
26,25,3.111103635738252,12.622243626538676
27,0,8.266365894244634e-16,13.5
27,1,-3.113314255022942,13.136105752827621
27,2,-6.058788932706239,12.064040644366067
27,3,-8.67763273076828,10.341599982106203
27,4,-10.828663102193092,8.061640987987614
27,5,-12.395917442883698,5.347076841528617
27,6,-13.294904665664808,2.3442503985035588
27,7,-13.477160136662121,-0.7849551902914251
27,8,-12.932858416259098,-3.87184364159972
27,9,-11.691342951089924,-6.7499999999999964
27,10,-9.81954416123616,-9.2642621112279
27,11,-7.418371203955888,-11.279085454074636
27,12,-4.617271934896525,-12.685850380609764
27,13,-1.5672543406906048,-13.408717829516231
27,14,1.5672543406906116,-13.40871782951623
27,15,4.61727193489652,-12.685850380609764
27,16,7.418371203955886,-11.27908545407464
27,17,9.819544161236152,-9.264262111227907
27,18,11.691342951089919,-6.750000000000006
27,19,12.932858416259098,-3.8718436415997246
27,20,13.477160136662121,-0.78495519029143
27,21,13.294904665664808,2.3442503985035654
27,22,12.395917442883702,5.3470768415286125
27,23,10.828663102193095,8.061640987987609
27,24,8.677632730768284,10.3415999821062
27,25,6.058788932706244,12.064040644366063
27,26,3.113314255022935,13.136105752827623
28,0,8.572527594031472e-16,14.0
28,1,-3.1152930753884007,13.648990770545531
28,2,-6.074372347645813,12.613564150633868
28,3,-8.728857226022269,10.945640754552418
28,4,-10.945640754552418,8.72885722602227
28,5,-12.613564150633866,6.074372347645816
28,6,-13.648990770545531,3.115293075388403
28,7,-14.0,1.7145055188062944e-15
28,8,-13.648990770545531,-3.1152930753884
28,9,-12.613564150633868,-6.074372347645812
28,10,-10.945640754552418,-8.728857226022267
28,11,-8.728857226022273,-10.945640754552416
28,12,-6.0743723476458165,-12.613564150633866
28,13,-3.1152930753884043,-13.648990770545531
28,14,-2.5717582782094417e-15,-14.0
28,15,3.115293075388399,-13.648990770545531
28,16,6.074372347645811,-12.61356415063387
28,17,8.728857226022267,-10.945640754552418
28,18,10.945640754552416,-8.728857226022273
28,19,12.613564150633866,-6.0743723476458165
28,20,13.64899077054553,-3.115293075388405
28,21,14.0,-3.429011037612589e-15
28,22,13.648990770545534,3.115293075388386
28,23,12.61356415063387,6.07437234764581
28,24,10.94564075455242,8.728857226022267
28,25,8.728857226022273,10.945640754552414
28,26,6.074372347645806,12.613564150633872
28,27,3.1152930753884056,13.64899077054553
29,0,8.878689293818311e-16,14.5
29,1,-3.1170713830598493,14.160998057796256
29,2,-6.088391972623837,13.159843585228877
29,3,-8.775026120309597,11.543349452731833
29,4,-11.051349799350728,9.387101129336504
29,5,-12.810924644467331,6.791922390146958
29,6,-13.971474891528732,3.879160908673702
29,7,-14.478734500841295,0.7850141744885595
29,8,-14.308984576852131,-2.3458389500150845
29,9,-13.470162437343477,-5.367003252428756
29,10,-12.001490473274915,-8.137212447754543
29,11,-9.971642153374644,-10.526934632885393
29,12,-7.4755309290668155,-12.424429054430044
29,13,-4.629872186971708,-13.740970982150635
29,14,-1.5677257671471654,-14.415000378738213
29,15,1.5677257671471472,-14.415000378738215
29,16,4.629872186971703,-13.740970982150637
29,17,7.475530929066822,-12.42442905443004
29,18,9.971642153374635,-10.5269346328854
29,19,12.001490473274911,-8.137212447754548
29,20,13.470162437343475,-5.36700325242876
29,21,14.30898457685213,-2.34583895001509
29,22,14.478734500841297,0.7850141744885413
29,23,13.971474891528736,3.8791609086736907
29,24,12.810924644467331,6.791922390146959
29,25,11.051349799350728,9.387101129336504
29,26,8.77502612030959,11.543349452731837
29,27,6.0883919726238425,13.159843585228876
29,28,3.1170713830598547,14.160998057796254
30,0,9.18485099360515e-16,15.0
30,1,-3.1186753622663903,14.672214011007085
30,2,-6.1010496461370005,13.703181864639015
30,3,-8.816778784387095,12.135254915624213
30,4,-11.14717238216091,10.036959095382874
30,5,-12.990381056766577,7.500000000000005
30,6,-14.265847744427303,4.635254915624213
30,7,-14.917828430524102,1.5679269490147993
30,8,-14.917828430524102,-1.5679269490147958
30,9,-14.265847744427305,-4.635254915624209
30,10,-12.990381056766582,-7.499999999999996
30,11,-11.14717238216092,-10.03695909538287
30,12,-8.816778784387099,-12.13525491562421
30,13,-6.101049646137001,-13.703181864639015
30,14,-3.118675362266384,-14.672214011007085
30,15,-2.7554552980815444e-15,-15.0
30,16,3.1186753622663783,-14.672214011007087
30,17,6.1010496461370085,-13.703181864639012
30,18,8.816778784387093,-12.135254915624213
30,19,11.147172382160905,-10.036959095382882
30,20,12.990381056766577,-7.500000000000007
30,21,14.265847744427303,-4.635254915624214
30,22,14.9178284305241,-1.5679269490148147
30,23,14.917828430524102,1.567926949014794
30,24,14.265847744427305,4.635254915624207
30,25,12.990381056766578,7.5
30,26,11.14717238216091,10.036959095382876
30,27,8.8167787843871,12.135254915624209
30,28,6.101049646137003,13.703181864639014
30,29,3.1186753622663854,14.672214011007085
31,0,9.491012693391988e-16,15.5
31,1,-3.12012706137423,15.182714089413665
31,2,-6.112515754256436,14.243846080113576
31,3,-8.854657333969277,12.721833338712784
31,4,-11.234288202051356,10.678987245673145
31,5,-13.153985991168637,8.198942160067922
31,6,-14.535158048279746,5.383231419094718
31,7,-15.321259027085727,2.347130551320943
31,8,-15.48010586115132,-0.7850621170000416
31,9,-15.005195342426168,-3.885114250010162
31,10,-13.915970363346496,-6.826109349143333
31,11,-12.257023922534332,-9.487642729488769
31,12,-10.09627348219445,-11.760750901738254
31,13,-7.522180419231751,-13.552372550241026
31,14,-4.640128406087056,-14.789158474200756
31,15,-1.5681089908052082,-15.420474512574373
31,16,1.5681089908051886,-15.420474512574376
31,17,4.640128406087052,-14.789158474200757
31,18,7.522180419231746,-13.552372550241028
31,19,10.096273482194444,-11.760750901738259
31,20,12.257023922534328,-9.487642729488773
31,21,13.915970363346496,-6.826109349143332
31,22,15.005195342426163,-3.885114250010181
31,23,15.480105861151317,-0.785062117000061
31,24,15.321259027085727,2.3471305513209377
31,25,14.535158048279747,5.383231419094713
31,26,13.153985991168641,8.198942160067917
31,27,11.234288202051362,10.67898724567314
31,28,8.854657333969282,12.72183333871278
31,29,6.1125157542564414,14.243846080113572
31,30,3.120127061374249,15.182714089413661
32,0,9.797174393178826e-16,16.0
32,1,-3.121445152258051,15.692564486451687
32,2,-6.122934917841436,14.782072520180588
32,3,-8.889123728313631,13.303513796840727
32,4,-11.31370849898476,11.313708498984761
32,5,-13.303513796840726,8.889123728313635
32,6,-14.782072520180588,6.122934917841438
32,7,-15.692564486451687,3.1214451522580577
32,8,-16.0,1.959434878635765e-15
32,9,-15.692564486451687,-3.1214451522580537
32,10,-14.78207252018059,-6.122934917841435
32,11,-13.303513796840727,-8.889123728313631
32,12,-11.313708498984763,-11.31370849898476
32,13,-8.889123728313635,-13.303513796840724
32,14,-6.122934917841445,-14.782072520180584
32,15,-3.1214451522580586,-15.692564486451685
32,16,-2.9391523179536475e-15,-16.0
32,17,3.121445152258053,-15.692564486451687
32,18,6.12293491784144,-14.782072520180586
32,19,8.88912372831363,-13.303513796840727
32,20,11.313708498984758,-11.313708498984763
32,21,13.303513796840724,-8.889123728313635
32,22,14.782072520180584,-6.122934917841446
32,23,15.692564486451685,-3.1214451522580595
32,24,16.0,-3.91886975727153e-15
32,25,15.692564486451687,3.121445152258052
32,26,14.782072520180588,6.122934917841439
32,27,13.303513796840727,8.88912372831363
32,28,11.313708498984763,11.313708498984758
32,29,8.889123728313637,13.303513796840724
32,30,6.122934917841447,14.782072520180584
32,31,3.1214451522580604,15.692564486451685
33,0,1.0103336092965664e-15,16.5
33,1,-3.1226455319467665,16.20182350483466
33,2,-6.132430518395402,15.3180708947652
33,3,-8.92057348801736,13.880683291714488
33,4,-11.386303689454845,11.94161162873366
33,5,-13.44050320883054,9.570939007924771
33,6,-15.008927923349555,6.854347714531125
33,7,-16.034890877338437,3.8900224359055513
33,8,-16.481311096519633,0.7851016110917544
33,9,-16.332053791035392,-2.3481948315092014
33,10,-15.59251350879203,-5.396621394737457
33,11,-14.28941916244324,-8.249999999999995
33,12,-12.469867976845263,-10.805202110097202
33,13,-10.199623272639991,-12.96987606325599
33,14,-7.560737608502275,-14.665784902806235
33,15,-4.6485871878835905,-15.831634064639207
33,16,-1.5684247145190258,-16.425286722455894
33,17,1.5684247145190198,-16.425286722455894
33,18,4.648587187883584,-15.831634064639209
33,19,7.560737608502256,-14.665784902806244
33,20,10.199623272639986,-12.969876063255994
33,21,12.469867976845263,-10.8052021100972
33,22,14.289419162443233,-8.250000000000007
33,23,15.592513508792027,-5.396621394737462
33,24,16.33205379103539,-2.3481948315092076
33,25,16.481311096519633,0.7851016110917483
33,26,16.034890877338437,3.8900224359055526
33,27,15.008927923349557,6.8543477145311185
33,28,13.440503208830544,9.570939007924766
33,29,11.386303689454849,11.941611628733657
33,30,8.920573488017373,13.880683291714483
33,31,6.132430518395414,15.318070894765194
33,32,3.1226455319467763,16.20182350483466
34,0,1.0409497792752501e-15,17.0
34,1,-3.123741802881693,16.71054269462633
34,2,-6.1411083251816,15.852027899874049
34,3,-8.949346768915051,14.45369130740344
34,4,-11.452825941991472,12.563151592751204
34,5,-13.56629286376407,10.24478881844736
34,6,-15.217775953036059,7.577552048201152
34,7,-16.351035933937922,4.652270831225412
34,8,-16.92748099701559,1.5685621108761314
34,9,-16.92748099701559,-1.5685621108761274
34,10,-16.351035933937922,-4.652270831225408
34,11,-15.217775953036064,-7.577552048201142
34,12,-13.566292863764073,-10.244788818447356
34,13,-11.45282594199147,-12.563151592751206
34,14,-8.949346768915055,-14.453691307403439
34,15,-6.141108325181615,-15.852027899874043
34,16,-3.1237418028816895,-16.710542694626334
34,17,-3.1228493378257506e-15,-17.0
34,18,3.1237418028816837,-16.710542694626334
34,19,6.1411083251815946,-15.85202789987405
34,20,8.94934676891505,-14.45369130740344
34,21,11.452825941991467,-12.56315159275121
34,22,13.56629286376406,-10.244788818447372
34,23,15.217775953036053,-7.577552048201161
34,24,16.351035933937922,-4.6522708312254135
34,25,16.92748099701559,-1.5685621108761336
34,26,16.927480997015586,1.5685621108761405
34,27,16.351035933937926,4.652270831225406
34,28,15.217775953036066,7.57755204820114
34,29,13.566292863764076,10.244788818447356
34,30,11.452825941991485,12.563151592751195
34,31,8.949346768915055,14.453691307403435
34,32,6.1411083251816025,15.852027899874047
34,33,3.123741802881692,16.71054269462633
35,0,1.0715659492539341e-15,17.5
35,1,-3.1247456589761398,17.21876780047602
35,2,-6.149059421423496,16.3841102361954
35,3,-8.975737354603355,15.022853888032659
35,4,-11.51392770394497,13.178750655063192
35,5,-13.682050943190522,10.911071532527838
35,6,-15.410421807492915,8.292701593277478
35,7,-16.643489035165185,5.407797401561582
35,8,-17.341620830938858,2.349082151808973
35,9,-17.482378664473007,-0.785134531134009
35,10,-17.061238463181912,-3.8941163442355
35,11,-16.091736019650387,-6.877938053943661
35,12,-14.605031940122798,-9.640697175411793
35,13,-12.648910116979355,-12.09359635727013
35,14,-10.286241915118282,-14.157797401561579
35,15,-7.59296543455727,-15.766955188292332
35,16,-4.655644797416818,-16.869350062177432
35,17,-1.5686879058100893,-17.429550144916682
35,18,1.568687905810083,-17.429550144916682
35,19,4.6556447974168105,-16.869350062177432
35,20,7.592965434557264,-15.766955188292338
35,21,10.286241915118277,-14.157797401561583
35,22,12.648910116979348,-12.093596357270135
35,23,14.605031940122794,-9.640697175411798
35,24,16.091736019650384,-6.877938053943667
35,25,17.061238463181912,-3.8941163442355062
35,26,17.482378664473007,-0.7851345311340154
35,27,17.341620830938858,2.349082151808967
35,28,16.64348903516519,5.4077974015615755
35,29,15.410421807492916,8.292701593277473
35,30,13.682050943190525,10.911071532527835
35,31,11.513927703944974,13.178750655063189
35,32,8.97573735460336,15.022853888032655
35,33,6.149059421423502,16.3841102361954
35,34,3.124745658976147,17.218767800476016
36,0,1.102182119232618e-15,18.0
36,1,-3.1256671980047455,17.726539554219745
36,2,-6.156362579862037,16.914467174146353
36,3,-8.999999999999996,15.588457268119896
36,4,-11.57017697435771,13.788799976141604
36,5,-13.788799976141602,11.570176974357711
36,6,-15.588457268119893,9.000000000000005
36,7,-16.91446717414635,6.15636257986204
36,8,-17.726539554219745,3.125667198004745
36,9,-18.0,2.204364238465236e-15
36,10,-17.726539554219748,-3.1256671980047406
36,11,-16.914467174146353,-6.156362579862028
36,12,-15.5884572681199,-8.999999999999995
36,13,-13.788799976141604,-11.570176974357707
36,14,-11.570176974357711,-13.788799976141602
36,15,-9.000000000000007,-15.58845726811989
36,16,-6.156362579862034,-16.914467174146353
36,17,-3.125667198004746,-17.726539554219745
36,18,-3.3065463576978533e-15,-18.0
36,19,3.1256671980047397,-17.726539554219748
36,20,6.1563625798620265,-16.914467174146353
36,21,9.000000000000002,-15.588457268119894
36,22,11.570176974357695,-13.788799976141616
36,23,13.7887999761416,-11.570176974357713
36,24,15.58845726811989,-9.000000000000007
36,25,16.914467174146353,-6.1563625798620345
36,26,17.726539554219745,-3.125667198004747
36,27,18.0,-4.408728476930472e-15
36,28,17.726539554219748,3.1256671980047384
36,29,16.91446717414635,6.156362579862041
36,30,15.588457268119903,8.999999999999988
36,31,13.788799976141606,11.570176974357704
36,32,11.570176974357713,13.7887999761416
36,33,8.999999999999995,15.5884572681199
36,34,6.156362579862035,16.914467174146353
36,35,3.125667198004748,17.726539554219745
37,0,1.1327982892113017e-15,18.5
37,1,-3.126515175954206,18.233894341432606
37,2,-6.163086202728062,17.44323274103006
37,3,-9.022356460552242,16.15076109348198
37,4,-11.622069949969378,14.393661454891134
37,5,-13.887437647175402,12.222482382716505
37,6,-15.753289048066259,9.699684745808785
37,7,-17.165947004985423,6.89784483893571
37,8,-18.084771920532194,3.8975664949209397
37,9,-18.483330874786606,0.7851622591287477
37,10,-18.35015805228922,-2.3498296653172597
37,11,-17.689084592676146,-5.417221268616176
37,12,-16.519128375767018,-8.328769279126957
37,13,-14.8739469117884,-11.000713761629301
37,14,-12.800869076084606,-13.356187738158702
37,15,-10.359533543545512,-15.327428511011082
37,16,-7.620173092513868,-16.85772707218051
37,17,-4.661594135624814,-17.90305951826973
37,18,-1.568909602796927,-18.43335353803674
37,19,1.56890960279692,-18.43335353803674
37,20,4.661594135624823,-17.90305951826973
37,21,7.620173092513862,-16.857727072180513
37,22,10.359533543545504,-15.327428511011087
37,23,12.8008690760846,-13.356187738158706
37,24,14.873946911788401,-11.0007137616293
37,25,16.519128375767014,-8.328769279126963
37,26,17.689084592676142,-5.417221268616182
37,27,18.35015805228922,-2.349829665317267
37,28,18.48333087478661,0.7851622591287409
37,29,18.084771920532194,3.897566494920941
37,30,17.165947004985426,6.897844838935704
37,31,15.753289048066268,9.699684745808774
37,32,13.887437647175407,12.222482382716501
37,33,11.622069949969385,14.39366145489113
37,34,9.022356460552233,16.150761093481986
37,35,6.163086202728068,17.443232741030055
37,36,3.12651517595422,18.233894341432606
38,0,1.1634144591899855e-15,19.0
38,1,-3.127297215333943,18.740864764651725
38,2,-6.169289914888986,17.97052759231206
38,3,-9.043000467704397,16.710001272923293
38,4,-11.67004154110369,14.993669678531479
38,5,-13.9787543027895,12.868349860889081
38,6,-15.906163086988043,10.39201500432611
38,7,-17.399693206446088,7.632213068406426
38,8,-18.41860505284728,4.664224255675182
38,9,-18.935105367126727,1.5690075639743208
38,10,-18.935105367126727,-1.5690075639743162
38,11,-18.41860505284728,-4.664224255675178
38,12,-17.39969320644609,-7.632213068406422
38,13,-15.906163086988041,-10.392015004326113
38,14,-13.978754302789504,-12.868349860889076
38,15,-11.670041541103693,-14.993669678531475
38,16,-9.043000467704394,-16.710001272923293
38,17,-6.169289914888974,-17.970527592312063
38,18,-3.127297215333956,-18.740864764651725
38,19,-3.4902433775699565e-15,-19.0
38,20,3.1272972153339493,-18.740864764651725
38,21,6.169289914888983,-17.97052759231206
38,22,9.043000467704388,-16.710001272923297
38,23,11.670041541103686,-14.99366967853148
38,24,13.978754302789504,-12.868349860889076
38,25,15.906163086988043,-10.392015004326112
38,26,17.399693206446095,-7.632213068406413
38,27,18.418605052847276,-4.664224255675185
38,28,18.935105367126727,-1.569007563974323
38,29,18.935105367126727,1.569007563974314
38,30,18.41860505284728,4.664224255675175
38,31,17.3996932064461,7.632213068406404
38,32,15.906163086988046,10.392015004326105
38,33,13.9787543027895,12.868349860889081
38,34,11.67004154110368,14.993669678531484
38,35,9.04300046770441,16.710001272923286
38,36,6.169289914888992,17.970527592312056
38,37,3.127297215333942,18.740864764651725
39,0,1.1940306291686695e-15,19.5
39,1,-3.128019976726322,19.2474801214393
39,2,-6.17502587912871,18.49646061796934
39,3,-9.062101854853486,17.266392500237593
39,4,-11.714474152640582,15.589133886368277
39,5,-14.063447723204382,13.50812489343719
39,6,-16.0481853849263,11.077262561257537
39,7,-17.617283474902454,8.359504947359554
39,8,-18.73010317681176,5.42524054637083
39,9,-19.357823044912053,2.3504652649788
39,10,-19.484185464345607,-0.7851858321335894
39,11,-19.105917714824223,-3.9005010286328634
39,12,-18.23281673236559,-6.914795297329444
39,13,-16.887495373796554,-9.750000000000002
39,14,-15.104796755639267,-12.332684824109855
39,15,-12.930891835695514,-14.595959589336466
39,16,-10.422083609492127,-16.481206668103994
39,17,-7.643348892271466,-17.93959915134707
39,18,-4.666655453607376,-18.933365439808014
39,19,-1.569098089976151,-19.436767508617095
39,20,1.569098089976144,-19.436767508617095
39,21,4.666655453607386,-18.93336543980801
39,22,7.64334889227146,-17.939599151347075
39,23,10.422083609492105,-16.481206668104008
39,24,12.930891835695506,-14.595959589336472
39,25,15.104796755639267,-12.332684824109853
39,26,16.887495373796558,-9.749999999999993
39,27,18.23281673236559,-6.9147952973294515
39,28,19.10591771482422,-3.9005010286328705
39,29,19.484185464345607,-0.7851858321335965
39,30,19.357823044912056,2.350465264978784
39,31,18.730103176811763,5.425240546370815
39,32,17.617283474902457,8.359504947359548
39,33,16.048185384926303,11.077262561257532
39,34,14.063447723204385,13.508124893437186
39,35,11.714474152640589,15.589133886368273
39,36,9.062101854853484,17.266392500237593
39,37,6.175025879128709,18.49646061796934
39,38,3.1280199767263333,19.2474801214393
40,0,1.2246467991473533e-15,20.0
40,1,-3.1286893008046164,19.753766811902757
40,2,-6.180339887498947,19.021130325903073
40,3,-9.079809994790933,17.820130483767358
40,4,-11.75570504584946,16.18033988749895
40,5,-14.14213562373095,14.142135623730951
40,6,-16.180339887498945,11.755705045849465
40,7,-17.820130483767358,9.079809994790937
40,8,-19.02113032590307,6.18033988749895
40,9,-19.753766811902754,3.1286893008046195
40,10,-20.0,2.4492935982947065e-15
40,11,-19.753766811902757,-3.1286893008046146
40,12,-19.021130325903073,-6.1803398874989455
40,13,-17.820130483767358,-9.079809994790933
40,14,-16.180339887498953,-11.75570504584946
40,15,-14.142135623730955,-14.14213562373095
40,16,-11.755705045849465,-16.180339887498945
40,17,-9.079809994790939,-17.820130483767358
40,18,-6.180339887498951,-19.02113032590307
40,19,-3.128689300804621,-19.753766811902754
40,20,-3.673940397442059e-15,-20.0
40,21,3.1286893008046137,-19.753766811902757
40,22,6.180339887498945,-19.021130325903073
40,23,9.079809994790933,-17.82013048376736
40,24,11.755705045849458,-16.180339887498953
40,25,14.142135623730947,-14.142135623730955
40,26,16.180339887498945,-11.755705045849467
40,27,17.820130483767358,-9.079809994790939
40,28,19.02113032590307,-6.180339887498953
40,29,19.753766811902754,-3.1286893008046226
40,30,20.0,-4.898587196589413e-15
40,31,19.753766811902757,3.1286893008046124
40,32,19.021130325903073,6.180339887498944
40,33,17.82013048376736,9.079809994790931
40,34,16.180339887498953,11.755705045849458
40,35,14.142135623730955,14.142135623730947
40,36,11.755705045849467,16.180339887498945
40,37,9.07980999479094,17.820130483767354
40,38,6.180339887498954,19.02113032590307
40,39,3.1286893008046235,19.753766811902754
41,0,1.255262969126037e-15,20.5
41,1,-3.129310326486924,20.259748687497144
41,2,-6.185272271201442,19.544626037126076
41,3,-9.096256676272674,18.37139391770164
41,4,-11.79403253448172,16.767551895717713
41,5,-14.215366266240952,14.770692668816135
41,6,-16.303503861105238,12.427620924816082
41,7,-18.009501143674314,9.793256279501396
41,8,-19.29337098358101,6.929346007374306
41,9,-20.125020559935525,3.903017737875704
41,10,-20.484956711541606,0.7852060406457289
41,11,-20.36474284007334,-2.3510102206672023
41,12,-19.76719665678939,-5.432120795031556
41,13,-18.706324137769275,-8.385907062012468
41,14,-17.206991235704976,-11.14313477502503
41,15,-15.304341043045238,-13.639176853394085
41,16,-13.042970067694476,-15.81552818634983
41,17,-10.475882928665754,-17.62117694323763
41,18,-7.6632499727357635,-19.01380024759294
41,19,-4.670996932514334,-19.960756189494468
41,20,-1.569259683148168,-20.43984892426668
41,21,1.5692596831481604,-20.43984892426668
41,22,4.670996932514309,-19.96075618949447
41,23,7.6632499727357555,-19.013800247592943
41,24,10.475882928665747,-17.621176943237632
41,25,13.042970067694469,-15.815528186349836
41,26,15.304341043045232,-13.639176853394092
41,27,17.20699123570497,-11.143134775025045
41,28,18.706324137769272,-8.385907062012473
41,29,19.76719665678939,-5.432120795031563
41,30,20.364742840073337,-2.351010220667219
41,31,20.484956711541606,0.7852060406457213
41,32,20.125020559935525,3.9030177378757056
41,33,19.293370983581017,6.929346007374299
41,34,18.00950114367432,9.79325627950139
41,35,16.30350386110525,12.427620924816068
41,36,14.21536626624096,14.77069266881613
41,37,11.79403253448172,16.767551895717713
41,38,9.09625667627268,18.371393917701635
41,39,6.185272271201444,19.544626037126076
41,40,3.1293103264869404,20.259748687497144
42,0,1.2858791391047208e-15,21.0
42,1,-3.1298875896996603,20.765447350727698
42,2,-6.189858662628988,20.067028921508953
42,3,-9.11155852146872,18.9203462259508
42,4,-11.829721219336063,17.35101426063589
42,5,-14.283627493189304,15.394089308426356
42,6,-16.418461131828625,13.093285839033406
42,7,-18.18653347947321,10.500000000000007
42,8,-19.548348721528292,7.672161511694291
42,9,-20.473486155818296,4.672939613082605
42,10,-20.941279740804784,1.569331965314918
42,11,-20.941279740804784,-1.5693319653149036
42,12,-20.473486155818296,-4.6729396130826
42,13,-19.54834872152829,-7.672161511694296
42,14,-18.186533479473216,-10.499999999999995
42,15,-16.41846113182863,-13.0932858390334
42,16,-14.283627493189307,-15.394089308426354
42,17,-11.829721219336061,-17.351014260635893
42,18,-9.111558521468725,-18.9203462259508
42,19,-6.189858662628998,-20.067028921508953
42,20,-3.1298875896996794,-20.765447350727698
42,21,-3.857637417314163e-15,-21.0
42,22,3.129887589699653,-20.7654473507277
42,23,6.189858662628973,-20.06702892150896
42,24,9.111558521468718,-18.920346225950805
42,25,11.82972121933607,-17.35101426063589
42,26,14.283627493189309,-15.39408930842635
42,27,16.418461131828625,-13.093285839033408
42,28,18.186533479473205,-10.500000000000009
42,29,19.54834872152829,-7.672161511694293
42,30,20.473486155818293,-4.672939613082607
42,31,20.941279740804784,-1.5693319653149207
42,32,20.941279740804784,1.5693319653149103
42,33,20.473486155818296,4.6729396130825975
42,34,19.54834872152829,7.672161511694302
42,35,18.18653347947322,10.499999999999984
42,36,16.418461131828632,13.0932858390334
42,37,14.283627493189302,15.394089308426357
42,38,11.829721219336077,17.351014260635882
42,39,9.111558521468726,18.9203462259508
42,40,6.189858662629,20.067028921508953
42,41,3.129887589699682,20.765447350727698
43,0,1.3164953090834046e-15,21.5
43,1,-3.130425106302604,21.27088241361487
43,2,-6.194130636352608,20.58841289803073
43,3,-9.12581902583002,19.467137106102655
43,4,-11.863006426564588,17.930953084632375
43,5,-14.347354441278146,16.012601928991312
43,6,-16.525913505238435,13.752969963516167
43,7,-18.35225141430295,11.200217320490502
43,8,-19.78744294673693,8.40875149053835
43,9,-20.800899486734643,5.4380677214211355
43,10,-21.371020967658836,2.3514809801243035
43,11,-21.485656239960147,-0.7852234957396564
43,12,-21.142362051833523,-3.9051922960578804
43,13,-20.3484551228886,-6.941928702586096
43,14,-19.120856200974156,-9.830709951049727
43,15,-17.485729425814657,-12.509966684495982
43,16,-15.477924685796912,-14.922595197243627
43,17,-13.14023485310377,-17.017174501228954
43,18,-10.522483727938338,-18.749062275091863
43,19,-7.680464130724358,-20.081346337749782
43,20,-4.674748775003482,-20.98563136745243
43,21,-1.5693992652095041,-21.442644098766362
43,22,1.5693992652094964,-21.442644098766362
43,23,4.674748775003474,-20.985631367452434
43,24,7.680464130724351,-20.081346337749782
43,25,10.522483727938331,-18.74906227509187
43,26,13.140234853103763,-17.017174501228958
43,27,15.4779246857969,-14.92259519724364
43,28,17.485729425814654,-12.509966684495987
43,29,19.120856200974153,-9.830709951049734
43,30,20.3484551228886,-6.941928702586104
43,31,21.14236205183352,-3.9051922960578977
43,32,21.485656239960147,-0.7852234957396644
43,33,21.371020967658836,2.3514809801242955
43,34,20.800899486734643,5.438067721421128
43,35,19.78744294673693,8.408751490538343
43,36,18.352251414302945,11.200217320490502
43,37,16.52591350523844,13.752969963516163
43,38,14.347354441278151,16.012601928991305
43,39,11.863006426564594,17.93095308463237
43,40,9.125819025830037,19.467137106102648
43,41,6.194130636352625,20.58841289803072
43,42,3.130425106302607,21.270882413614867
44,0,1.3471114790620886e-15,22.0
44,1,-3.13092644201227,21.77607172138052
44,2,-6.198116250511453,21.108845419518943
44,3,-9.1391302860415,20.011903897799407
44,4,-11.894097984023148,18.507577722285983
44,5,-14.40693614679627,16.626490635793683
44,6,-16.62649063579368,14.406936146796275
44,7,-18.507577722285983,11.894097984023151
44,8,-20.011903897799407,9.1391302860415
44,9,-21.108845419518943,6.198116250511453
44,10,-21.776071721380518,3.1309264420122735
44,11,-22.0,2.6942229581241772e-15
44,12,-21.77607172138052,-3.130926442012268
44,13,-21.108845419518943,-6.198116250511447
44,14,-20.011903897799407,-9.139130286041494
44,15,-18.50757772228599,-11.894097984023139
44,16,-16.626490635793683,-14.40693614679627
44,17,-14.406936146796275,-16.62649063579368
44,18,-11.894097984023144,-18.507577722285987
44,19,-9.139130286041517,-20.011903897799396
44,20,-6.198116250511454,-21.108845419518943
44,21,-3.130926442012275,-21.776071721380518
44,22,-4.0413344371862654e-15,-22.0
44,23,3.130926442012267,-21.77607172138052
44,24,6.198116250511445,-21.108845419518943
44,25,9.13913028604151,-20.0119038977994
44,26,11.894097984023137,-18.50757772228599
44,27,14.406936146796276,-16.62649063579368
44,28,16.626490635793672,-14.406936146796282
44,29,18.507577722285987,-11.894097984023144
44,30,20.011903897799396,-9.13913028604152
44,31,21.108845419518943,-6.198116250511455
44,32,21.776071721380518,-3.1309264420122767
44,33,22.0,-5.3884459162483544e-15
44,34,21.77607172138052,3.130926442012266
44,35,21.108845419518943,6.198116250511444
44,36,20.011903897799407,9.139130286041492
44,37,18.50757772228598,11.894097984023151
44,38,16.62649063579369,14.40693614679626
44,39,14.406936146796284,16.626490635793672
44,40,11.894097984023146,18.507577722285987
44,41,9.13913028604152,20.011903897799396
44,42,6.198116250511457,21.108845419518943
44,43,3.130926442012278,21.776071721380518
45,0,1.3777276490407724e-15,22.5
45,1,-3.1313947716014705,22.281031546685334
45,2,-6.201840505882479,21.628388158612175
45,3,-9.151574469205501,20.55477279695852
45,4,-11.923183445247108,19.081082163519586
45,5,-14.462721217947136,17.235999970177005
45,6,-16.720758573241365,15.055438643074313
45,7,-18.653345382488435,12.581840328091806
45,8,-20.222866041731255,9.863350802754248
45,9,-21.398771616640953,6.952882373436319
45,10,-22.15817444277468,3.9070839975059313
45,11,-22.486293607929653,0.7852386758062757
45,12,-22.376742645786152,-2.351890423522194
45,13,-21.83165384120992,-5.443242650992519
45,14,-20.861636727752717,-8.42864835185802
45,15,-19.485571585149874,-11.249999999999993
45,16,-17.730241956151247,-13.85238319482731
45,17,-15.629813335327437,-16.18514550761965
45,18,-13.225168176580649,-18.202882373436314
45,19,-10.563110162682541,-19.86632083932586
45,20,-7.695453224827542,-21.14308396768294
45,21,-4.6780130433995755,-22.008321016510628
45,22,-1.5695206592428255,-22.445191130846045
45,23,1.5695206592427975,-22.445191130846048
45,24,4.6780130433995675,-22.00832101651063
45,25,7.695453224827533,-21.14308396768294
45,26,10.563110162682534,-19.86632083932586
45,27,13.22516817658064,-18.20288237343632
45,28,15.629813335327437,-16.18514550761965
45,29,17.730241956151247,-13.85238319482731
45,30,19.485571585149863,-11.25000000000001
45,31,20.861636727752714,-8.428648351858028
45,32,21.83165384120992,-5.443242650992527
45,33,22.37674264578615,-2.351890423522202
45,34,22.486293607929653,0.7852386758062774
45,35,22.158174442774683,3.9070839975059233
45,36,21.398771616640957,6.952882373436311
45,37,20.22286604173126,9.86335080275424
45,38,18.653345382488446,12.58184032809179
45,39,16.72075857324138,15.0554386430743
45,40,14.462721217947141,17.235999970177
45,41,11.923183445247133,19.08108216351957
45,42,9.151574469205505,20.55477279695852
45,43,6.201840505882497,21.62838815861217
45,44,3.1313947716014834,22.28103154668533
46,0,1.4083438190194562e-15,23.0
46,1,-3.1318329292136684,22.785776758835606
46,2,-6.205325736611554,22.147097608999385
46,3,-9.163225066463554,21.09585993462542
46,4,-11.950430850814968,19.65164630456924
46,5,-14.515022719499216,17.841359686201656
46,6,-16.809227178396856,15.698722294029045
46,7,-18.790307539240164,13.263647408641946
46,8,-20.42136002325463,10.581495867816502
46,9,-21.67200120873287,7.702231079932686
46,10,-22.51893401669343,4.679488300210573
46,11,-22.9463816913824,1.5695755073874398
46,12,-22.9463816913824,-1.569575507387434
46,13,-22.51893401669343,-4.679488300210577
46,14,-21.672001208732873,-7.70223107993268
46,15,-20.421360023254632,-10.581495867816496
46,16,-18.790307539240168,-13.26364740864194
46,17,-16.80922717839685,-15.698722294029047
46,18,-14.515022719499221,-17.84135968620165
46,19,-11.950430850814971,-19.651646304569237
46,20,-9.163225066463545,-21.095859934625423
46,21,-6.2053257366115595,-22.14709760899938
46,22,-3.1318329292136844,-22.785776758835606
46,23,-4.225031457058368e-15,-23.0
46,24,3.131832929213676,-22.785776758835606
46,25,6.205325736611571,-22.14709760899938
46,26,9.163225066463555,-21.095859934625416
46,27,11.950430850814964,-19.65164630456924
46,28,14.515022719499214,-17.841359686201656
46,29,16.80922717839686,-15.698722294029038
46,30,18.790307539240164,-13.263647408641948
46,31,20.42136002325462,-10.581495867816514
46,32,21.67200120873287,-7.702231079932688
46,33,22.51893401669343,-4.679488300210576
46,34,22.946381691382403,-1.5695755073874218
46,35,22.9463816913824,1.5695755073874311
46,36,22.51893401669343,4.679488300210565
46,37,21.672001208732873,7.702231079932678
46,38,20.42136002325464,10.581495867816486
46,39,18.79030753924017,13.263647408641937
46,40,16.809227178396853,15.698722294029045
46,41,14.515022719499221,17.84135968620165
46,42,11.950430850814975,19.651646304569237
46,43,9.163225066463564,21.095859934625416
46,44,6.205325736611581,22.147097608999378
46,45,3.131832929213667,22.785776758835606
47,0,1.43895998899814e-15,23.5
47,1,-3.132243451283802,23.290320971637332
47,2,-6.208591943975222,22.66502561377785
47,3,-9.174147966342126,21.635272336896076
47,4,-11.975991100910061,20.219437112613274
47,5,-14.564122390565752,18.442785554048537
47,6,-16.892356571131334,16.337022050354097
47,7,-18.91914624849773,13.939724001139849
47,8,-20.60832331285678,11.29367124688707
47,9,-21.92974435947766,8.446082661681553
47,10,-22.85982859847837,5.447773531286924
47,11,-23.381978654579843,2.3522487531663203
47,12,-23.486876747660983,-0.7852519596803447
47,13,-23.172650968765673,-3.908739832703549
47,14,-22.444908684362446,-6.962476150812393
47,15,-21.316636472757008,-9.891966917065869
47,16,-19.80796837829473,-12.644935299339256
47,17,-17.945826618862302,-15.172254511631854
47,18,-15.763441158271752,-17.428824482727002
47,19,-13.299756716768984,-19.374376668031367
47,20,-10.59873780157841,-20.9741926427072
47,21,-7.708584159229871,-22.199723652786094
47,22,-4.680870649940164,-23.029100068359785
47,23,-1.569626893010351,-23.4475216476441
47,24,1.5696268930103425,-23.4475216476441
47,25,4.680870649940156,-23.02910006835979
47,26,7.708584159229863,-22.199723652786098
47,27,10.598737801578384,-20.974192642707216
47,28,13.299756716768979,-19.374376668031374
47,29,15.763441158271762,-17.42882448272699
47,30,17.9458266188623,-15.172254511631863
47,31,19.807968378294728,-12.644935299339261
47,32,21.316636472757008,-9.891966917065876
47,33,22.444908684362442,-6.962476150812401
47,34,23.172650968765673,-3.908739832703558
47,35,23.486876747660983,-0.7852519596803533
47,36,23.381978654579843,2.3522487531663114
47,37,22.859828598478373,5.4477735312869155
47,38,21.929744359477667,8.446082661681535
47,39,20.60832331285679,11.293671246887055
47,40,18.91914624849774,13.939724001139835
47,41,16.892356571131348,16.337022050354083
47,42,14.56412239056575,18.442785554048537
47,43,11.97599110091007,20.21943711261327
47,44,9.174147966342138,21.635272336896072
47,45,6.208591943975231,22.665025613777846
47,46,3.132243451283811,23.290320971637332
48,0,1.4695761589768238e-15,24.0
48,1,-3.1326286132812386,23.79467667297145
48,2,-6.211657082460495,23.18221983093764
48,3,-9.184402376762154,22.17310878027088
48,4,-11.999999999999995,20.784609690826528
48,5,-14.610274296209296,19.040480166989646
48,6,-16.97056274847714,16.970562748477143
48,7,-19.040480166989642,14.610274296209301
48,8,-20.784609690826525,12.000000000000007
48,9,-22.17310878027088,9.184402376762158
48,10,-23.18221983093764,6.211657082460494
48,11,-23.79467667297145,3.1326286132812378
48,12,-24.0,2.9391523179536475e-15
48,13,-23.794676672971452,-3.1326286132812315
48,14,-23.18221983093764,-6.211657082460489
48,15,-22.173108780270887,-9.184402376762142
48,16,-20.78460969082653,-11.999999999999993
48,17,-19.040480166989646,-14.610274296209296
48,18,-16.970562748477143,-16.97056274847714
48,19,-14.610274296209301,-19.04048016698964
48,20,-11.999999999999991,-20.78460969082653
48,21,-9.184402376762169,-22.173108780270876
48,22,-6.211657082460495,-23.18221983093764
48,23,-3.13262861328126,-23.79467667297145
48,24,-4.408728476930472e-15,-24.0
48,25,3.132628613281251,-23.79467667297145
48,26,6.211657082460487,-23.18221983093764
48,27,9.18440237676216,-22.17310878027088
48,28,11.999999999999984,-20.784609690826535
48,29,14.610274296209294,-19.040480166989646
48,30,16.97056274847712,-16.97056274847716
48,31,19.04048016698964,-14.610274296209301
48,32,20.78460969082652,-12.00000000000001
48,33,22.173108780270883,-9.184402376762149
48,34,23.18221983093764,-6.211657082460496
48,35,23.79467667297145,-3.1326286132812404
48,36,24.0,-5.878304635907295e-15
48,37,23.794676672971452,3.1326286132812284
48,38,23.18221983093764,6.211657082460485
48,39,22.17310878027089,9.184402376762138
48,40,20.784609690826528,12.0
48,41,19.04048016698966,14.610274296209276
48,42,16.970562748477143,16.970562748477136
48,43,14.610274296209305,19.04048016698964
48,44,12.000000000000014,20.78460969082652
48,45,9.18440237676215,22.173108780270883
48,46,6.211657082460519,23.182219830937633
48,47,3.1326286132812418,23.79467667297145
49,0,1.5001923289555077e-15,24.5
49,1,-3.1329904612703943,24.29885533866953
49,2,-6.214537305782926,23.69872414445622
49,3,-9.194041619544665,22.709460554977532
49,4,-12.02258002409647,21.347308251023044
49,5,-14.653707997034791,19.634633735764936
49,6,-17.044222489785415,17.599559077394325
49,7,-19.15487132046673,15.275500145538974
49,8,-20.950997693630978,12.700617923607867
49,9,-22.403109263887405,9.917191906498655
49,10,-23.487362399398187,6.970925872460291
49,11,-24.185953693654028,3.9101974283178
49,12,-24.487412296916855,0.7852636505055516
49,13,-24.386788267255355,-2.3525641347382016
49,14,-23.885733848454677,-5.4517628819296995
49,15,-22.99247634021913,-8.461443833322033
49,16,-21.721683006138505,-11.332188110900459
49,17,-20.094220237625418,-14.01685817299316
49,18,-18.13681092834523,-16.47137181140226
49,19,-15.881595685040832,-18.65542598004378
49,20,-13.365605079658435,-20.5331585698501
49,21,-10.630151608380178,-22.073737263609267
49,22,-7.720151341578722,-23.251865801761376
49,23,-4.683386403183628,-24.048199346281102
49,24,-1.569720389527465,-24.44966212238324
49,25,1.5697203895274559,-24.44966212238324
49,26,4.683386403183619,-24.048199346281102
49,27,7.720151341578714,-23.25186580176138
49,28,10.630151608380169,-22.07373726360927
49,29,13.365605079658428,-20.533158569850105
49,30,15.88159568504081,-18.6554259800438
49,31,18.136810928345234,-16.47137181140226
49,32,20.094220237625414,-14.016858172993166
49,33,21.7216830061385,-11.332188110900466
49,34,22.992476340219135,-8.461443833322031
49,35,23.885733848454677,-5.451762881929708
49,36,24.386788267255355,-2.3525641347382
49,37,24.487412296916855,0.7852636505055427
49,38,24.18595369365403,3.9101974283177694
49,39,23.48736239939819,6.970925872460283
49,40,22.403109263887405,9.917191906498644
49,41,20.95099769363099,12.700617923607851
49,42,19.154871320466736,15.275500145538967
49,43,17.04422248978543,17.599559077394314
49,44,14.653707997034816,19.63463373576492
49,45,12.022580024096479,21.347308251023037
49,46,9.194041619544679,22.70946055497753
49,47,6.214537305782936,23.698724144456218
49,48,3.132990461270414,24.29885533866953
50,0,1.5308084989341915e-15,25.0
50,1,-3.133330839107604,24.802867532861946
50,2,-6.217247179121365,24.21457902821578
50,3,-9.20311381711695,23.244412147206283
50,4,-12.043841852542876,21.90766700109659
50,5,-14.694631307311825,20.225424859373685
50,6,-17.11367764821722,18.224215685535285
50,7,-19.26283106939473,15.935599743717246
50,8,-21.108198137550378,13.395669874474917
50,9,-22.620676311650485,10.644482289126822
50,10,-23.776412907378838,7.725424859373688
50,11,-24.557181268217217,4.684532864643114
50,12,-24.950668210706787,1.5697629882328394
50,13,-24.950668210706787,-1.5697629882328337
50,14,-24.557181268217217,-4.684532864643108
50,15,-23.77641290737884,-7.725424859373682
50,16,-22.620676311650488,-10.644482289126817
50,17,-21.108198137550374,-13.395669874474919
50,18,-19.262831069394732,-15.93559974371724
50,19,-17.113677648217223,-18.224215685535285
50,20,-14.69463130731183,-20.225424859373682
50,21,-12.043841852542881,-21.90766700109659
50,22,-9.203113817116945,-23.244412147206287
50,23,-6.217247179121382,-24.214579028215773
50,24,-3.133330839107615,-24.802867532861946
50,25,-4.592425496802574e-15,-25.0
50,26,3.1333308391076056,-24.802867532861946
50,27,6.217247179121373,-24.214579028215777
50,28,9.203113817116936,-23.24441214720629
50,29,12.043841852542894,-21.907667001096584
50,30,14.694631307311823,-20.22542485937369
50,31,17.113677648217198,-18.224215685535302
50,32,19.262831069394736,-15.93559974371724
50,33,21.10819813755038,-13.395669874474908
50,34,22.62067631165049,-10.644482289126806
50,35,23.776412907378838,-7.725424859373691
50,36,24.557181268217217,-4.684532864643117
50,37,24.950668210706787,-1.5697629882328317
50,38,24.950668210706787,1.5697629882328195
50,39,24.557181268217217,4.6845328646431055
50,40,23.77641290737884,7.725424859373679
50,41,22.6206763116505,10.644482289126794
50,42,21.108198137550378,13.395669874474917
50,43,19.26283106939474,15.93559974371723
50,44,17.113677648217227,18.22421568553528
50,45,14.694631307311834,20.225424859373682
50,46,12.043841852542904,21.907667001096577
50,47,9.203113817116948,23.244412147206287
50,48,6.217247179121385,24.214579028215773
50,49,3.1333308391076184,24.802867532861946
51,0,1.5614246689128753e-15,25.5
51,1,-3.133651411950211,25.30672299663436
51,2,-6.219799862763615,24.729821868892742
51,3,-9.211662487772399,23.778041849811075
51,4,-12.063885699318254,22.465810954287505
51,5,-14.733232700910403,20.813021265083655
51,6,-17.17923891298721,18.844727389126806
51,7,-19.364825374695034,16.59076665520817
51,8,-21.256860823138545,14.085306810492904
51,9,-22.826663929554087,11.366328072301728
51,10,-24.050438079017574,8.475047386731323
51,11,-24.909632102869818,5.455293621765694
51,12,-25.391221495523382,2.352843166314197
51,13,-25.48790585269083,-0.7852739931823387
51,14,-25.198219538072113,-3.9114871994064737
51,15,-24.526553900906887,-6.978406246838112
51,16,-23.483090707596322,-9.939539768963314
51,17,-22.083647796503183,-12.750000000000004
51,18,-20.34943929564611,-15.367183227671033
51,19,-18.30675403814327,-17.751415622054626
51,20,-15.986557050299714,-19.866554650404595
51,21,-13.424020153372583,-21.680536961105158
51,22,-10.657988794612994,-23.165864431397846
51,23,-7.730393189882614,-24.30002101089249
51,24,-4.685612704322534,-25.065814041939497
51,25,-1.5698031064155424,-25.451634882794625
51,26,1.5698031064155333,-25.451634882794625
51,27,4.6856127043225255,-25.065814041939497
51,28,7.730393189882604,-24.300021010892493
51,29,10.657988794612985,-23.16586443139785
51,30,13.424020153372574,-21.680536961105158
51,31,15.986557050299709,-19.866554650404602
51,32,18.306754038143257,-17.75141562205464
51,33,20.349439295646103,-15.367183227671042
51,34,22.08364779650319,-12.749999999999991
51,35,23.48309070759632,-9.939539768963323
51,36,24.526553900906883,-6.978406246838121
51,37,25.198219538072117,-3.911487199406472
51,38,25.48790585269083,-0.785273993182348
51,39,25.391221495523382,2.3528431663141878
51,40,24.909632102869818,5.455293621765685
51,41,24.050438079017578,8.475047386731314
51,42,22.826663929554087,11.366328072301732
51,43,21.25686082313855,14.085306810492895
51,44,19.36482537469504,16.590766655208164
51,45,17.17923891298721,18.844727389126806
51,46,14.73323270091041,20.81302126508365
51,47,12.063885699318252,22.465810954287505
51,48,9.211662487772404,23.77804184981107
51,49,6.2197998627636295,24.72982186889274
51,50,3.133651411950209,25.30672299663436
52,0,1.592040838891559e-15,26.0
52,1,-3.133953686638395,25.810430726549402
52,2,-6.222207271476501,25.244487253077352
52,3,-9.219727063105928,24.310422309820787
52,4,-12.082802473137981,23.021856666983457
52,5,-14.769683415010048,21.397580513235066
52,6,-17.241189114260678,19.461279452448625
52,7,-19.461279452448622,17.241189114260685
52,8,-21.397580513235066,14.769683415010052
52,9,-23.021856666983453,12.082802473137985
52,10,-24.310422309820783,9.219727063105932
52,11,-25.24448725307735,6.222207271476511
52,12,-25.810430726549402,3.1339536866384
52,13,-26.0,3.184081677783118e-15
52,14,-25.810430726549402,-3.1339536866383932
52,15,-25.244487253077356,-6.222207271476493
52,16,-24.310422309820787,-9.219727063105926
52,17,-23.021856666983457,-12.08280247313798
52,18,-21.397580513235066,-14.769683415010045
52,19,-19.461279452448633,-17.24118911426067
52,20,-17.241189114260674,-19.46127945244863
52,21,-14.769683415010054,-21.397580513235066
52,22,-12.082802473137997,-23.02185666698345
52,23,-9.219727063105934,-24.310422309820783
52,24,-6.222207271476501,-25.244487253077352
52,25,-3.1339536866383897,-25.810430726549406
52,26,-4.776122516674677e-15,-26.0
52,27,3.1339536866383804,-25.810430726549406
52,28,6.222207271476492,-25.244487253077356
52,29,9.219727063105925,-24.310422309820787
52,30,12.082802473137969,-23.021856666983464
52,31,14.769683415010045,-21.39758051323507
52,32,17.241189114260674,-19.46127945244863
52,33,19.46127945244862,-17.241189114260685
52,34,21.397580513235066,-14.769683415010054
52,35,23.02185666698345,-12.082802473137999
52,36,24.310422309820783,-9.219727063105935
52,37,25.244487253077352,-6.222207271476503
52,38,25.810430726549402,-3.1339536866384146
52,39,26.0,-6.368163355566236e-15
52,40,25.810430726549402,3.1339536866384017
52,41,25.244487253077356,6.22220727147649
52,42,24.310422309820787,9.219727063105923
52,43,23.021856666983467,12.082802473137967
52,44,21.397580513235084,14.769683415010025
52,45,19.46127945244863,17.241189114260674
52,46,17.241189114260685,19.46127945244862
52,47,14.769683415010057,21.397580513235063
52,48,12.08280247313798,23.021856666983457
52,49,9.219727063105935,24.310422309820783
52,50,6.222207271476504,25.244487253077352
52,51,3.133953686638416,25.8104307265494
53,0,1.622657008870243e-15,26.5
53,1,-3.1342390294161895,26.3139990443582
53,2,-6.224480213196067,25.758607223130884
53,3,-9.227343339011565,24.841621020054205
53,4,-12.100674790933397,23.575912911360803
53,5,-14.804139293796787,21.97925066443035
53,6,-17.29978613204882,20.074047917282936
53,7,-19.55258189460577,17.887049540232585
53,8,-21.530902267150555,15.448956196533508
53,9,-23.206975968184373,12.79399337236474
53,10,-24.557274596943586,9.959430926027315
53,11,-25.562842920571505,6.9850599008303
53,12,-26.209564964037344,3.9126339460657613
53,13,-26.48836216748305,0.7852831872978328
53,14,-26.395320829303248,-2.35309122605777
53,15,-25.931747045936856,-5.458433396639102
53,16,-25.10414837713607,-8.487151127365202
53,17,-23.924142494092205,-11.396727860327793
53,18,-22.40829409279839,-14.146319516066951
53,19,-20.577882362028127,-16.69732785491534
53,20,-18.458602270169425,-19.01394231167477
53,21,-16.080203864192722,-21.063642697453865
53,22,-13.476074644204353,-22.817655711834917
53,23,-10.682770876131265,-24.25135885693999
53,24,-7.739504421879874,-25.34462608332784
53,25,-4.68759229074819,-26.082110315611313
53,26,-1.5698766391834265,-26.45345889175452
53,27,1.5698766391834167,-26.45345889175452
53,28,4.687592290748181,-26.082110315611317
53,29,7.739504421879865,-25.344626083327842
53,30,10.682770876131256,-24.25135885693999
53,31,13.476074644204322,-22.81765571183493
53,32,16.080203864192733,-21.063642697453854
53,33,18.45860227016942,-19.01394231167478
53,34,20.577882362028127,-16.69732785491534
53,35,22.408294092798386,-14.14631951606696
53,36,23.924142494092205,-11.396727860327792
53,37,25.104148377136067,-8.48715112736521
53,38,25.931747045936852,-5.458433396639112
53,39,26.395320829303248,-2.353091226057791
53,40,26.48836216748305,0.7852831872978231
53,41,26.209564964037348,3.912633946065729
53,42,25.562842920571505,6.985059900830301
53,43,24.557274596943586,9.959430926027306
53,44,23.206975968184384,12.79399337236472
53,45,21.530902267150562,15.448956196533503
53,46,19.55258189460579,17.88704954023256
53,47,17.299786132048816,20.074047917282936
53,48,14.804139293796796,21.979250664430342
53,49,12.100674790933416,23.575912911360792
53,50,9.227343339011579,24.841621020054202
53,51,6.22448021319607,25.758607223130884
53,52,3.1342390294161873,26.3139990443582
54,0,1.6532731788489269e-15,27.0
54,1,-3.134508681381215,26.817435659032462
54,2,-6.226628510045884,26.272211505655243
54,3,-9.234543869793056,25.37170076121953
54,4,-12.117577865412478,24.128081288732133
54,5,-14.836742407911762,22.558170908149282
54,6,-17.35526546153656,20.683199964212406
54,7,-19.639088322472315,18.528524222455808
54,8,-21.657326204386184,16.123281975975228
54,9,-23.38268590217984,13.500000000000009
54,10,-24.791834885767397,10.694153683057234
54,11,-25.865716832518196,7.743687283199446
54,12,-26.589809331329615,4.6885007970071175
54,13,-26.954320273324242,1.5699103805828447
54,14,-26.954320273324242,-1.5699103805828503
54,15,-26.58980933132962,-4.68850079700711
54,16,-25.865716832518196,-7.74368728319944
54,17,-24.7918348857674,-10.694153683057227
54,18,-23.382685902179848,-13.499999999999993
54,19,-21.657326204386187,-16.12328197597522
54,20,-19.63908832247232,-18.5285242224558
54,21,-17.355265461536547,-20.683199964212417
54,22,-14.836742407911776,-22.558170908149272
54,23,-12.117577865412484,-24.12808128873213
54,24,-9.23454386979305,-25.37170076121953
54,25,-6.226628510045891,-26.272211505655243
54,26,-3.1345086813812095,-26.817435659032462
54,27,-4.95981953654678e-15,-27.0
54,28,3.1345086813812233,-26.81743565903246
54,29,6.226628510045881,-26.272211505655246
54,30,9.23454386979304,-25.37170076121953
54,31,12.117577865412475,-24.128081288732133
54,32,14.836742407911771,-22.55817090814928
54,33,17.35526546153656,-20.68319996421241
54,34,19.639088322472304,-18.528524222455815
54,35,21.65732620438618,-16.123281975975228
54,36,23.382685902179837,-13.500000000000012
54,37,24.791834885767397,-10.694153683057236
54,38,25.865716832518196,-7.743687283199449
54,39,26.589809331329615,-4.68850079700712
54,40,26.954320273324242,-1.56991038058286
54,41,26.954320273324242,1.569910380582823
54,42,26.589809331329615,4.688500797007131
54,43,25.8657168325182,7.743687283199437
54,44,24.791834885767404,10.694153683057225
54,45,23.38268590217984,13.5
54,46,21.65732620438619,16.123281975975218
54,47,19.63908832247231,18.528524222455808
54,48,17.35526546153657,20.6831999642124
54,49,14.83674240791178,22.558170908149272
54,50,12.117577865412487,24.128081288732126
54,51,9.234543869793077,25.37170076121952
54,52,6.22662851004587,26.272211505655246
54,53,3.134508681381213,26.817435659032462
55,0,1.6838893488276107e-15,27.5
55,1,-3.134763771989865,27.32074772208513
55,2,-6.228661104208517,26.785327715914175
55,3,-9.241358313424325,25.90072000008693
55,4,-12.133580284188582,24.67845678901236
55,5,-14.867622480028936,23.13447215285748
55,6,-17.407842479743934,21.28889429257477
55,7,-19.721124630871493,19.16578313802057
55,8,-21.777311762862563,16.792816689974554
55,9,-23.549598331918695,14.200930195071454
55,10,-25.014879872249256,11.423912857551874
55,11,-26.15405419811672,8.497967345311057
55,12,-26.952270430040816,5.46123783275801
55,13,-27.399122598724016,2.353312733168085
55,14,-27.488785302775202,-0.7852913968266481
55,15,-27.22008965172565,-3.9136580525153355
55,16,-26.596538504303826,-6.991004190320878
55,17,-25.62626080331494,-9.977211897142633
55,18,-24.321905602439895,-12.833351388706026
55,19,-22.70047716647629,-15.522188518836145
55,20,-20.783113294742105,-18.008670183495337
55,21,-18.594809757535533,-20.260381291601135
55,22,-16.164094438043016,-22.247967345311054
55,23,-13.522655427754113,-23.94551712079387
55,24,-10.704927923728283,-25.330900460658373
55,25,-7.7476453131393175,-26.38605677439868
55,26,-4.689360297397137,-27.09723048581156
55,27,-1.5699422987261333,-27.45515035796873
55,28,1.5699422987261233,-27.45515035796873
55,29,4.689360297397151,-27.097230485811558
55,30,7.747645313139307,-26.386056774398682
55,31,10.704927923728272,-25.330900460658373
55,32,13.522655427754083,-23.945517120793884
55,33,16.164094438043005,-22.247967345311057
55,34,18.594809757535543,-20.260381291601128
55,35,20.78311329474209,-18.00867018349535
55,36,22.700477166476283,-15.522188518836153
55,37,24.32190560243989,-12.833351388706033
55,38,25.62626080331493,-9.977211897142643
55,39,26.596538504303815,-6.991004190320912
55,40,27.220089651725647,-3.913658052515346
55,41,27.488785302775202,-0.7852913968266582
55,42,27.399122598724013,2.3533127331680994
55,43,26.95227043004082,5.461237832758
55,44,26.154054198116736,8.497967345311025
55,45,25.01487987224926,11.423912857551866
55,46,23.54959833191871,14.200930195071436
55,47,21.777311762862567,16.792816689974547
55,48,19.721124630871504,19.165783138020565
55,49,17.407842479743948,21.288894292574756
55,50,14.867622480028933,23.134472152857484
55,51,12.133580284188591,24.678456789012355
55,52,9.241358313424318,25.900720000086935
55,53,6.228661104208515,26.785327715914175
55,54,3.1347637719898933,27.320747722085127
56,0,1.7145055188062944e-15,28.0
56,1,-3.1350053308926182,27.823941877010792
56,2,-6.2305861507768014,27.297981541091062
56,3,-9.247813734744675,26.42873324863429
56,4,-12.148744695291626,25.227128301267737
56,5,-14.896898142429421,23.708277578391957
56,6,-17.457714452044538,21.891281509104836
56,7,-19.798989873223327,19.79898987322333
56,8,-21.891281509104836,17.45771445204454
56,9,-23.708277578391957,14.896898142429427
56,10,-25.227128301267733,12.148744695291631
56,11,-26.42873324863429,9.247813734744682
56,12,-27.297981541091062,6.230586150776806
56,13,-27.823941877010792,3.1350053308926236
56,14,-28.0,3.429011037612589e-15
56,15,-27.823941877010792,-3.1350053308926165
56,16,-27.297981541091062,-6.2305861507768
56,17,-26.42873324863429,-9.247813734744675
56,18,-25.227128301267737,-12.148744695291624
56,19,-23.708277578391957,-14.896898142429421
56,20,-21.891281509104836,-17.457714452044534
56,21,-19.798989873223334,-19.798989873223327
56,22,-17.457714452044545,-21.891281509104832
56,23,-14.896898142429427,-23.708277578391957
56,24,-12.148744695291633,-25.227128301267733
56,25,-9.247813734744684,-26.428733248634288
56,26,-6.2305861507768086,-27.297981541091062
56,27,-3.135005330892625,-27.823941877010792
56,28,-5.143516556418883e-15,-28.0
56,29,3.135005330892615,-27.823941877010792
56,30,6.230586150776798,-27.297981541091062
56,31,9.247813734744673,-26.42873324863429
56,32,12.148744695291622,-25.22712830126774
56,33,14.896898142429418,-23.708277578391957
56,34,17.457714452044534,-21.891281509104836
56,35,19.798989873223327,-19.798989873223334
56,36,21.891281509104832,-17.457714452044545
56,37,23.708277578391954,-14.89689814242943
56,38,25.227128301267733,-12.148744695291633
56,39,26.428733248634288,-9.247813734744685
56,40,27.29798154109106,-6.23058615077681
56,41,27.823941877010792,-3.1350053308926267
56,42,28.0,-6.858022075225178e-15
56,43,27.823941877010792,3.135005330892613
56,44,27.29798154109107,6.230586150776772
56,45,26.428733248634295,9.247813734744671
56,46,25.22712830126774,12.14874469529162
56,47,23.70827757839196,14.896898142429418
56,48,21.89128150910484,17.457714452044534
56,49,19.798989873223334,19.798989873223327
56,50,17.457714452044545,21.89128150910483
56,51,14.89689814242943,23.708277578391954
56,52,12.148744695291612,25.227128301267744
56,53,9.247813734744687,26.428733248634288
56,54,6.230586150776811,27.29798154109106
56,55,3.1350053308926285,27.823941877010792
57,0,1.7451216887849782e-15,28.5
57,1,-3.1352342983312584,28.32702430356156
57,2,-6.23241109938171,27.810196904881916
57,3,-9.25393487233348,26.955791388468086
57,4,-12.163128411647504,25.77417907988096
57,5,-14.924678048654519,24.27970315189232
57,6,-17.505062311655532,22.490504517797216
57,7,-19.87295883117887,20.42830162530086
57,8,-21.999624551115147,18.11812682398409
57,9,-23.859244630482063,15.588022506489164
57,10,-25.42924580062423,12.868700711860345
57,11,-26.69057037411606,9.993170322993498
57,12,-27.627907579270918,6.996336383512774
57,13,-28.22987941216884,3.9145763978246304
57,14,-28.489178750211117,0.7852987574926141
57,15,-28.40265805069009,-2.353511345961462
57,16,-27.97136755769391,-5.463753009826549
57,17,-27.20054255356596,-8.507672113548299
57,18,-26.099539809669135,-11.448319602609633
57,19,-24.681724007856506,-14.249999999999993
57,20,-22.964305511337884,-16.878704700951925
57,21,-20.968131454184245,-19.302524791333624
57,22,-18.717432685360436,-21.49203837864154
57,23,-16.2395296390426,-23.420667733919476
57,24,-13.56450070155659,-25.065001909384943
57,25,-10.724817100513329,-26.405080915621845
57,26,-7.7549487480920405,-27.424638008813638
57,27,-4.690945823000934,-28.111297146977588
57,28,-1.570001170142158,-28.456723218349513
57,29,1.5700011701421475,-28.456723218349513
57,30,4.690945823000899,-28.111297146977588
57,31,7.754948748092032,-27.42463800881364
57,32,10.724817100513318,-26.40508091562185
57,33,13.564500701556582,-25.065001909384947
57,34,16.239529639042594,-23.42066773391948
57,35,18.71743268536042,-21.492038378641553
57,36,20.968131454184256,-19.302524791333614
57,37,22.96430551133787,-16.878704700951943
57,38,24.681724007856495,-14.250000000000012
57,39,26.099539809669132,-11.448319602609644
57,40,27.200542553565956,-8.507672113548308
57,41,27.971367557693906,-5.463753009826559
57,42,28.40265805069009,-2.353511345961459
57,43,28.489178750211117,0.7852987574926037
57,44,28.229879412168845,3.9145763978246197
57,45,27.627907579270918,6.996336383512763
57,46,26.690570374116067,9.993170322993489
57,47,25.429245800624223,12.868700711860358
57,48,23.85924463048207,15.588022506489157
57,49,21.99962455111515,18.118126823984078
57,50,19.872958831178877,20.428301625300854
57,51,17.505062311655543,22.49050451779721
57,52,14.924678048654506,24.27970315189233
57,53,12.163128411647513,25.774179079880955
57,54,9.253934872333488,26.955791388468086
57,55,6.23241109938172,27.810196904881913
57,56,3.135234298331269,28.32702430356156
58,0,1.7757378587636622e-15,29.0
58,1,-3.1354515342943103,28.830000757476427
58,2,-6.234142766119699,28.321996115592512
58,3,-9.259744373943422,27.48194196430127
58,4,-12.176783945247674,26.319687170457755
58,5,-14.951061858133624,24.848858108860092
58,6,-17.550052240619195,23.086698905463667
58,7,-19.94328430674927,21.053869265770796
58,8,-22.102699598701456,18.774202258673007
58,9,-24.002980946549823,16.274424895509092
58,10,-25.621849288934662,13.583844780293916
58,11,-26.94032487468695,10.734006504857518
58,12,-27.942949783057465,7.758321817347404
58,13,-28.61796915370426,4.691677900030176
58,14,-28.95746900168259,1.570028348977119
58,15,-28.957469001682593,-1.5700283489770988
58,16,-28.617969153704262,-4.691677900030169
58,17,-27.942949783057465,-7.75832181734741
58,18,-26.940324874686954,-10.734006504857511
58,19,-25.62184928893467,-13.58384478029391
58,20,-24.00298094654983,-16.274424895509085
58,21,-22.102699598701456,-18.774202258673
58,22,-19.943284306749288,-21.053869265770786
58,23,-17.5500522406192,-23.086698905463663
58,24,-14.951061858133631,-24.84885810886009
58,25,-12.176783945247681,-26.31968717045775
58,26,-9.259744373943416,-27.48194196430127
58,27,-6.234142766119706,-28.321996115592512
58,28,-3.1354515342943308,-28.830000757476427
58,29,-5.327213576290986e-15,-29.0
58,30,3.1354515342942944,-28.83000075747643
58,31,6.234142766119695,-28.321996115592512
58,32,9.259744373943406,-27.481941964301274
58,33,12.176783945247672,-26.319687170457755
58,34,14.951061858133643,-24.84885810886008
58,35,17.55005224061917,-23.08669890546368
58,36,19.94328430674927,-21.0538692657708
58,37,22.10269959870146,-18.774202258672997
58,38,24.002980946549823,-16.274424895509096
58,39,25.621849288934655,-13.58384478029393
58,40,26.94032487468695,-10.73400650485752
58,41,27.94294978305746,-7.7583218173474195
58,42,28.61796915370426,-4.69167790003018
58,43,28.95746900168259,-1.5700283489771223
58,44,28.957469001682593,1.5700283489770825
58,45,28.617969153704262,4.691677900030165
58,46,27.942949783057472,7.758321817347381
58,47,26.940324874686954,10.734006504857508
58,48,25.621849288934662,13.583844780293918
58,49,24.00298094654983,16.274424895509082
58,50,22.102699598701456,18.774202258673007
58,51,19.94328430674928,21.053869265770793
58,52,17.55005224061918,23.086698905463674
58,53,14.951061858133633,24.848858108860085
58,54,12.176783945247685,26.31968717045775
58,55,9.259744373943418,27.48194196430127
58,56,6.234142766119709,28.32199611559251
58,57,3.135451534294334,28.830000757476427
59,0,1.8063540287423458e-15,29.5
59,1,-3.135657826597276,29.332876606199044
59,2,-6.2357873970739135,28.833399999627066
59,3,-9.265263004647483,28.007229449817252
59,4,-12.189759480167154,26.86372579921994
59,5,-14.97614110999577,25.415845401117284
59,6,-17.592837076885782,23.679993318963437
59,7,-20.010199169953676,21.675837450460484
59,8,-22.200837710756083,19.42608568241864
59,9,-24.139931889290985,16.956228601325005
59,10,-25.805510993692856,14.294250674813183
59,11,-27.178703347177184,11.470313176462964
59,12,-28.24395013167916,8.516412446518826
59,13,-28.98918167547937,5.466017360569867
59,14,-29.405954207407127,2.353690113815947
59,15,-29.489545528141853,-0.7853053824143582
59,16,-29.239008514618213,-3.915403054869799
59,17,-28.657181851308945,-7.001137646197886
59,18,-27.750657866795486,-10.00754655048189
59,19,-26.529707840050968,-12.900565953536232
59,20,-25.008165622745295,-15.6474167895324
59,21,-23.203270896177955,-18.216976140912656
59,22,-21.1354738388003,-20.580129873482043
59,23,-18.8282034175222,-22.710102511182228
59,24,-16.30760192815521,-24.582760612934184
59,25,-13.602228792755124,-26.176886214168857
59,26,-10.742736969958242,-27.474417234843987
59,27,-7.761525644711892,-28.460652130028215
59,28,-4.692373132562616,-29.12441646427967
59,29,-1.570054157844288,-29.458189522464476
59,30,1.5700541578442773,-29.458189522464476
59,31,4.692373132562605,-29.12441646427967
59,32,7.76152564471188,-28.46065213002822
59,33,10.742736969958257,-27.474417234843983
59,34,13.602228792755113,-26.17688621416886
59,35,16.307601928155183,-24.58276061293421
59,36,18.828203417522193,-22.710102511182235
59,37,21.135473838800294,-20.580129873482054
59,38,23.203270896177948,-18.216976140912664
59,39,25.008165622745288,-15.647416789532407
59,40,26.529707840050964,-12.90056595353624
59,41,27.75065786679548,-10.007546550481901
59,42,28.65718185130894,-7.001137646197897
59,43,29.23900851461821,-3.9154030548698096
59,44,29.48954552814185,-0.785305382414369
59,45,29.40595420740713,2.353690113815936
59,46,28.989181675479372,5.4660173605698565
59,47,28.243950131679156,8.516412446518828
59,48,27.17870334717719,11.470313176462941
59,49,25.805510993692867,14.294250674813162
59,50,24.139931889290985,16.95622860132501
59,51,22.2008377107561,19.426085682418623
59,52,20.010199169953676,21.675837450460484
59,53,17.592837076885793,23.67999331896343
59,54,14.976141109995803,25.415845401117267
59,55,12.189759480167158,26.86372579921994
59,56,9.265263004647494,28.00722944981725
59,57,6.235787397073949,28.833399999627062
59,58,3.135657826597287,29.332876606199044
60,0,1.83697019872103e-15,30.0
60,1,-3.1358538980296,29.835656861048204
60,2,-6.237350724532781,29.34442802201417
60,3,-9.27050983124842,28.53169548885461
60,4,-12.202099292274001,27.40636372927803
60,5,-14.999999999999993,25.98076211353316
60,6,-17.63355756877419,24.270509831248425
60,7,-20.073918190765745,22.294344764321828
60,8,-22.29434476432182,20.07391819076575
60,9,-24.27050983124842,17.633557568774197
60,10,-25.980762113533153,15.00000000000001
60,11,-27.406363729278024,12.202099292274013
60,12,-28.531695488854606,9.270509831248425
60,13,-29.34442802201417,6.23735072453278
60,14,-29.835656861048204,3.1358538980295987
60,15,-30.0,3.67394039744206e-15
60,16,-29.835656861048204,-3.1358538980295916
60,17,-29.344428022014167,-6.237350724532785
60,18,-28.53169548885461,-9.270509831248418
60,19,-27.406363729278034,-12.202099292273994
60,20,-25.980762113533164,-14.999999999999991
60,21,-24.270509831248425,-17.63355756877419
60,22,-22.29434476432184,-20.07391819076574
60,23,-20.073918190765752,-22.29434476432182
60,24,-17.633557568774197,-24.27050983124842
60,25,-14.999999999999988,-25.980762113533164
60,26,-12.202099292274003,-27.40636372927803
60,27,-9.270509831248427,-28.531695488854606
60,28,-6.237350724532768,-29.34442802201417
60,29,-3.135853898029601,-29.835656861048204
60,30,-5.510910596163089e-15,-30.0
60,31,3.1358538980295894,-29.835656861048204
60,32,6.237350724532757,-29.344428022014174
60,33,9.270509831248416,-28.53169548885461
60,34,12.202099292274017,-27.406363729278024
60,35,14.99999999999998,-25.98076211353317
60,36,17.633557568774187,-24.270509831248425
60,37,20.073918190765752,-22.29434476432182
60,38,22.29434476432181,-20.073918190765763
60,39,24.27050983124842,-17.6335575687742
60,40,25.980762113533153,-15.000000000000014
60,41,27.406363729278016,-12.202099292274028
60,42,28.531695488854606,-9.270509831248429
60,43,29.344428022014167,-6.237350724532796
60,44,29.8356568610482,-3.1358538980296293
60,45,30.0,-7.34788079488412e-15
60,46,29.835656861048204,3.135853898029588
60,47,29.344428022014167,6.2373507245327815
60,48,28.53169548885461,9.270509831248415
60,49,27.406363729278034,12.202099292273992
60,50,25.980762113533157,15.0
60,51,24.270509831248425,17.633557568774187
60,52,22.29434476432182,20.073918190765752
60,53,20.073918190765745,22.294344764321828
60,54,17.6335575687742,24.270509831248418
60,55,14.999999999999991,25.980762113533164
60,56,12.202099292274006,27.406363729278027
60,57,9.270509831248432,28.531695488854606
60,58,6.237350724532771,29.34442802201417
60,59,3.135853898029604,29.8356568610482
