n,k,gcd,reducible
2,1,1,0
3,1,1,0
3,2,1,0
4,1,1,0
4,2,2,1
4,3,1,0
5,1,1,0
5,2,1,0
5,3,1,0
5,4,1,0
6,1,1,0
6,2,2,1
6,3,3,1
6,4,2,1
6,5,1,0
7,1,1,0
7,2,1,0
7,3,1,0
7,4,1,0
7,5,1,0
7,6,1,0
8,1,1,0
8,2,2,1
8,3,1,0
8,4,4,1
8,5,1,0
8,6,2,1
8,7,1,0
9,1,1,0
9,2,1,0
9,3,3,1
9,4,1,0
9,5,1,0
9,6,3,1
9,7,1,0
9,8,1,0
10,1,1,0
10,2,2,1
10,3,1,0
10,4,2,1
10,5,5,1
10,6,2,1
10,7,1,0
10,8,2,1
10,9,1,0
11,1,1,0
11,2,1,0
11,3,1,0
11,4,1,0
11,5,1,0
11,6,1,0
11,7,1,0
11,8,1,0
11,9,1,0
11,10,1,0
12,1,1,0
12,2,2,1
12,3,3,1
12,4,4,1
12,5,1,0
12,6,6,1
12,7,1,0
12,8,4,1
12,9,3,1
12,10,2,1
12,11,1,0
13,1,1,0
13,2,1,0
13,3,1,0
13,4,1,0
13,5,1,0
13,6,1,0
13,7,1,0
13,8,1,0
13,9,1,0
13,10,1,0
13,11,1,0
13,12,1,0
14,1,1,0
14,2,2,1
14,3,1,0
14,4,2,1
14,5,1,0
14,6,2,1
14,7,7,1
14,8,2,1
14,9,1,0
14,10,2,1
14,11,1,0
14,12,2,1
14,13,1,0
15,1,1,0
15,2,1,0
15,3,3,1
15,4,1,0
15,5,5,1
15,6,3,1
15,7,1,0
15,8,1,0
15,9,3,1
15,10,5,1
15,11,1,0
15,12,3,1
15,13,1,0
15,14,1,0
16,1,1,0
16,2,2,1
16,3,1,0
16,4,4,1
16,5,1,0
16,6,2,1
16,7,1,0
16,8,8,1
16,9,1,0
16,10,2,1
16,11,1,0
16,12,4,1
16,13,1,0
16,14,2,1
16,15,1,0
17,1,1,0
17,2,1,0
17,3,1,0
17,4,1,0
17,5,1,0
17,6,1,0
17,7,1,0
17,8,1,0
17,9,1,0
17,10,1,0
17,11,1,0
17,12,1,0
17,13,1,0
17,14,1,0
17,15,1,0
17,16,1,0
18,1,1,0
18,2,2,1
18,3,3,1
18,4,2,1
18,5,1,0
18,6,6,1
18,7,1,0
18,8,2,1
18,9,9,1
18,10,2,1
18,11,1,0
18,12,6,1
18,13,1,0
18,14,2,1
18,15,3,1
18,16,2,1
18,17,1,0
19,1,1,0
19,2,1,0
19,3,1,0
19,4,1,0
19,5,1,0
19,6,1,0
19,7,1,0
19,8,1,0
19,9,1,0
19,10,1,0
19,11,1,0
19,12,1,0
19,13,1,0
19,14,1,0
19,15,1,0
19,16,1,0
19,17,1,0
19,18,1,0
20,1,1,0
20,2,2,1
20,3,1,0
20,4,4,1
20,5,5,1
20,6,2,1
20,7,1,0
20,8,4,1
20,9,1,0
20,10,10,1
20,11,1,0
20,12,4,1
20,13,1,0
20,14,2,1
20,15,5,1
20,16,4,1
20,17,1,0
20,18,2,1
20,19,1,0
21,1,1,0
21,2,1,0
21,3,3,1
21,4,1,0
21,5,1,0
21,6,3,1
21,7,7,1
21,8,1,0
21,9,3,1
21,10,1,0
21,11,1,0
21,12,3,1
21,13,1,0
21,14,7,1
21,15,3,1
21,16,1,0
21,17,1,0
21,18,3,1
21,19,1,0
21,20,1,0
22,1,1,0
22,2,2,1
22,3,1,0
22,4,2,1
22,5,1,0
22,6,2,1
22,7,1,0
22,8,2,1
22,9,1,0
22,10,2,1
22,11,11,1
22,12,2,1
22,13,1,0
22,14,2,1
22,15,1,0
22,16,2,1
22,17,1,0
22,18,2,1
22,19,1,0
22,20,2,1
22,21,1,0
23,1,1,0
23,2,1,0
23,3,1,0
23,4,1,0
23,5,1,0
23,6,1,0
23,7,1,0
23,8,1,0
23,9,1,0
23,10,1,0
23,11,1,0
23,12,1,0
23,13,1,0
23,14,1,0
23,15,1,0
23,16,1,0
23,17,1,0
23,18,1,0
23,19,1,0
23,20,1,0
23,21,1,0
23,22,1,0
24,1,1,0
24,2,2,1
24,3,3,1
24,4,4,1
24,5,1,0
24,6,6,1
24,7,1,0
24,8,8,1
24,9,3,1
24,10,2,1
24,11,1,0
24,12,12,1
24,13,1,0
24,14,2,1
24,15,3,1
24,16,8,1
24,17,1,0
24,18,6,1
24,19,1,0
24,20,4,1
24,21,3,1
24,22,2,1
24,23,1,0
25,1,1,0
25,2,1,0
25,3,1,0
25,4,1,0
25,5,5,1
25,6,1,0
25,7,1,0
25,8,1,0
25,9,1,0
25,10,5,1
25,11,1,0
25,12,1,0
25,13,1,0
25,14,1,0
25,15,5,1
25,16,1,0
25,17,1,0
25,18,1,0
25,19,1,0
25,20,5,1
25,21,1,0
25,22,1,0
25,23,1,0
25,24,1,0
26,1,1,0
26,2,2,1
26,3,1,0
26,4,2,1
26,5,1,0
26,6,2,1
26,7,1,0
26,8,2,1
26,9,1,0
26,10,2,1
26,11,1,0
26,12,2,1
26,13,13,1
26,14,2,1
26,15,1,0
26,16,2,1
26,17,1,0
26,18,2,1
26,19,1,0
26,20,2,1
26,21,1,0
26,22,2,1
26,23,1,0
26,24,2,1
26,25,1,0
27,1,1,0
27,2,1,0
27,3,3,1
27,4,1,0
27,5,1,0
27,6,3,1
27,7,1,0
27,8,1,0
27,9,9,1
27,10,1,0
27,11,1,0
27,12,3,1
27,13,1,0
27,14,1,0
27,15,3,1
27,16,1,0
27,17,1,0
27,18,9,1
27,19,1,0
27,20,1,0
27,21,3,1
27,22,1,0
27,23,1,0
27,24,3,1
27,25,1,0
27,26,1,0
28,1,1,0
28,2,2,1
28,3,1,0
28,4,4,1
28,5,1,0
28,6,2,1
28,7,7,1
28,8,4,1
28,9,1,0
28,10,2,1
28,11,1,0
28,12,4,1
28,13,1,0
28,14,14,1
28,15,1,0
28,16,4,1
28,17,1,0
28,18,2,1
28,19,1,0
28,20,4,1
28,21,7,1
28,22,2,1
28,23,1,0
28,24,4,1
28,25,1,0
28,26,2,1
28,27,1,0
29,1,1,0
29,2,1,0
29,3,1,0
29,4,1,0
29,5,1,0
29,6,1,0
29,7,1,0
29,8,1,0
29,9,1,0
29,10,1,0
29,11,1,0
29,12,1,0
29,13,1,0
29,14,1,0
29,15,1,0
29,16,1,0
29,17,1,0
29,18,1,0
29,19,1,0
29,20,1,0
29,21,1,0
29,22,1,0
29,23,1,0
29,24,1,0
29,25,1,0
29,26,1,0
29,27,1,0
29,28,1,0
30,1,1,0
30,2,2,1
30,3,3,1
30,4,2,1
30,5,5,1
30,6,6,1
30,7,1,0
30,8,2,1
30,9,3,1
30,10,10,1
30,11,1,0
30,12,6,1
30,13,1,0
30,14,2,1
30,15,15,1
30,16,2,1
30,17,1,0
30,18,6,1
30,19,1,0
30,20,10,1
30,21,3,1
30,22,2,1
30,23,1,0
30,24,6,1
30,25,5,1
30,26,2,1
30,27,3,1
30,28,2,1
30,29,1,0
31,1,1,0
31,2,1,0
31,3,1,0
31,4,1,0
31,5,1,0
31,6,1,0
31,7,1,0
31,8,1,0
31,9,1,0
31,10,1,0
31,11,1,0
31,12,1,0
31,13,1,0
31,14,1,0
31,15,1,0
31,16,1,0
31,17,1,0
31,18,1,0
31,19,1,0
31,20,1,0
31,21,1,0
31,22,1,0
31,23,1,0
31,24,1,0
31,25,1,0
31,26,1,0
31,27,1,0
31,28,1,0
31,29,1,0
31,30,1,0
32,1,1,0
32,2,2,1
32,3,1,0
32,4,4,1
32,5,1,0
32,6,2,1
32,7,1,0
32,8,8,1
32,9,1,0
32,10,2,1
32,11,1,0
32,12,4,1
32,13,1,0
32,14,2,1
32,15,1,0
32,16,16,1
32,17,1,0
32,18,2,1
32,19,1,0
32,20,4,1
32,21,1,0
32,22,2,1
32,23,1,0
32,24,8,1
32,25,1,0
32,26,2,1
32,27,1,0
32,28,4,1
32,29,1,0
32,30,2,1
32,31,1,0
33,1,1,0
33,2,1,0
33,3,3,1
33,4,1,0
33,5,1,0
33,6,3,1
33,7,1,0
33,8,1,0
33,9,3,1
33,10,1,0
33,11,11,1
33,12,3,1
33,13,1,0
33,14,1,0
33,15,3,1
33,16,1,0
33,17,1,0
33,18,3,1
33,19,1,0
33,20,1,0
33,21,3,1
33,22,11,1
33,23,1,0
33,24,3,1
33,25,1,0
33,26,1,0
33,27,3,1
33,28,1,0
33,29,1,0
33,30,3,1
33,31,1,0
33,32,1,0
34,1,1,0
34,2,2,1
34,3,1,0
34,4,2,1
34,5,1,0
34,6,2,1
34,7,1,0
34,8,2,1
34,9,1,0
34,10,2,1
34,11,1,0
34,12,2,1
34,13,1,0
34,14,2,1
34,15,1,0
34,16,2,1
34,17,17,1
34,18,2,1
34,19,1,0
34,20,2,1
34,21,1,0
34,22,2,1
34,23,1,0
34,24,2,1
34,25,1,0
34,26,2,1
34,27,1,0
34,28,2,1
34,29,1,0
34,30,2,1
34,31,1,0
34,32,2,1
34,33,1,0
35,1,1,0
35,2,1,0
35,3,1,0
35,4,1,0
35,5,5,1
35,6,1,0
35,7,7,1
35,8,1,0
35,9,1,0
35,10,5,1
35,11,1,0
35,12,1,0
35,13,1,0
35,14,7,1
35,15,5,1
35,16,1,0
35,17,1,0
35,18,1,0
35,19,1,0
35,20,5,1
35,21,7,1
35,22,1,0
35,23,1,0
35,24,1,0
35,25,5,1
35,26,1,0
35,27,1,0
35,28,7,1
35,29,1,0
35,30,5,1
35,31,1,0
35,32,1,0
35,33,1,0
35,34,1,0
36,1,1,0
36,2,2,1
36,3,3,1
36,4,4,1
36,5,1,0
36,6,6,1
36,7,1,0
36,8,4,1
36,9,9,1
36,10,2,1
36,11,1,0
36,12,12,1
36,13,1,0
36,14,2,1
36,15,3,1
36,16,4,1
36,17,1,0
36,18,18,1
36,19,1,0
36,20,4,1
36,21,3,1
36,22,2,1
36,23,1,0
36,24,12,1
36,25,1,0
36,26,2,1
36,27,9,1
36,28,4,1
36,29,1,0
36,30,6,1
36,31,1,0
36,32,4,1
36,33,3,1
36,34,2,1
36,35,1,0
37,1,1,0
37,2,1,0
37,3,1,0
37,4,1,0
37,5,1,0
37,6,1,0
37,7,1,0
37,8,1,0
37,9,1,0
37,10,1,0
37,11,1,0
37,12,1,0
37,13,1,0
37,14,1,0
37,15,1,0
37,16,1,0
37,17,1,0
37,18,1,0
37,19,1,0
37,20,1,0
37,21,1,0
37,22,1,0
37,23,1,0
37,24,1,0
37,25,1,0
37,26,1,0
37,27,1,0
37,28,1,0
37,29,1,0
37,30,1,0
37,31,1,0
37,32,1,0
37,33,1,0
37,34,1,0
37,35,1,0
37,36,1,0
38,1,1,0
38,2,2,1
38,3,1,0
38,4,2,1
38,5,1,0
38,6,2,1
38,7,1,0
38,8,2,1
38,9,1,0
38,10,2,1
38,11,1,0
38,12,2,1
38,13,1,0
38,14,2,1
38,15,1,0
38,16,2,1
38,17,1,0
38,18,2,1
38,19,19,1
38,20,2,1
38,21,1,0
38,22,2,1
38,23,1,0
38,24,2,1
38,25,1,0
38,26,2,1
38,27,1,0
38,28,2,1
38,29,1,0
38,30,2,1
38,31,1,0
38,32,2,1
38,33,1,0
38,34,2,1
38,35,1,0
38,36,2,1
38,37,1,0
39,1,1,0
39,2,1,0
39,3,3,1
39,4,1,0
39,5,1,0
39,6,3,1
39,7,1,0
39,8,1,0
39,9,3,1
39,10,1,0
39,11,1,0
39,12,3,1
39,13,13,1
39,14,1,0
39,15,3,1
39,16,1,0
39,17,1,0
39,18,3,1
39,19,1,0
39,20,1,0
39,21,3,1
39,22,1,0
39,23,1,0
39,24,3,1
39,25,1,0
39,26,13,1
39,27,3,1
39,28,1,0
39,29,1,0
39,30,3,1
39,31,1,0
39,32,1,0
39,33,3,1
39,34,1,0
39,35,1,0
39,36,3,1
39,37,1,0
39,38,1,0
40,1,1,0
40,2,2,1
40,3,1,0
40,4,4,1
40,5,5,1
40,6,2,1
40,7,1,0
40,8,8,1
40,9,1,0
40,10,10,1
40,11,1,0
40,12,4,1
40,13,1,0
40,14,2,1
40,15,5,1
40,16,8,1
40,17,1,0
40,18,2,1
40,19,1,0
40,20,20,1
40,21,1,0
40,22,2,1
40,23,1,0
40,24,8,1
40,25,5,1
40,26,2,1
40,27,1,0
40,28,4,1
40,29,1,0
40,30,10,1
40,31,1,0
40,32,8,1
40,33,1,0
40,34,2,1
40,35,5,1
40,36,4,1
40,37,1,0
40,38,2,1
40,39,1,0
41,1,1,0
41,2,1,0
41,3,1,0
41,4,1,0
41,5,1,0
41,6,1,0
41,7,1,0
41,8,1,0
41,9,1,0
41,10,1,0
41,11,1,0
41,12,1,0
41,13,1,0
41,14,1,0
41,15,1,0
41,16,1,0
41,17,1,0
41,18,1,0
41,19,1,0
41,20,1,0
41,21,1,0
41,22,1,0
41,23,1,0
41,24,1,0
41,25,1,0
41,26,1,0
41,27,1,0
41,28,1,0
41,29,1,0
41,30,1,0
41,31,1,0
41,32,1,0
41,33,1,0
41,34,1,0
41,35,1,0
41,36,1,0
41,37,1,0
41,38,1,0
41,39,1,0
41,40,1,0
42,1,1,0
42,2,2,1
42,3,3,1
42,4,2,1
42,5,1,0
42,6,6,1
42,7,7,1
42,8,2,1
42,9,3,1
42,10,2,1
42,11,1,0
42,12,6,1
42,13,1,0
42,14,14,1
42,15,3,1
42,16,2,1
42,17,1,0
42,18,6,1
42,19,1,0
42,20,2,1
42,21,21,1
42,22,2,1
42,23,1,0
42,24,6,1
42,25,1,0
42,26,2,1
42,27,3,1
42,28,14,1
42,29,1,0
42,30,6,1
42,31,1,0
42,32,2,1
42,33,3,1
42,34,2,1
42,35,7,1
42,36,6,1
42,37,1,0
42,38,2,1
42,39,3,1
42,40,2,1
42,41,1,0
43,1,1,0
43,2,1,0
43,3,1,0
43,4,1,0
43,5,1,0
43,6,1,0
43,7,1,0
43,8,1,0
43,9,1,0
43,10,1,0
43,11,1,0
43,12,1,0
43,13,1,0
43,14,1,0
43,15,1,0
43,16,1,0
43,17,1,0
43,18,1,0
43,19,1,0
43,20,1,0
43,21,1,0
43,22,1,0
43,23,1,0
43,24,1,0
43,25,1,0
43,26,1,0
43,27,1,0
43,28,1,0
43,29,1,0
43,30,1,0
43,31,1,0
43,32,1,0
43,33,1,0
43,34,1,0
43,35,1,0
43,36,1,0
43,37,1,0
43,38,1,0
43,39,1,0
43,40,1,0
43,41,1,0
43,42,1,0
44,1,1,0
44,2,2,1
44,3,1,0
44,4,4,1
44,5,1,0
44,6,2,1
44,7,1,0
44,8,4,1
44,9,1,0
44,10,2,1
44,11,11,1
44,12,4,1
44,13,1,0
44,14,2,1
44,15,1,0
44,16,4,1
44,17,1,0
44,18,2,1
44,19,1,0
44,20,4,1
44,21,1,0
44,22,22,1
44,23,1,0
44,24,4,1
44,25,1,0
44,26,2,1
44,27,1,0
44,28,4,1
44,29,1,0
44,30,2,1
44,31,1,0
44,32,4,1
44,33,11,1
44,34,2,1
44,35,1,0
44,36,4,1
44,37,1,0
44,38,2,1
44,39,1,0
44,40,4,1
44,41,1,0
44,42,2,1
44,43,1,0
45,1,1,0
45,2,1,0
45,3,3,1
45,4,1,0
45,5,5,1
45,6,3,1
45,7,1,0
45,8,1,0
45,9,9,1
45,10,5,1
45,11,1,0
45,12,3,1
45,13,1,0
45,14,1,0
45,15,15,1
45,16,1,0
45,17,1,0
45,18,9,1
45,19,1,0
45,20,5,1
45,21,3,1
45,22,1,0
45,23,1,0
45,24,3,1
45,25,5,1
45,26,1,0
45,27,9,1
45,28,1,0
45,29,1,0
45,30,15,1
45,31,1,0
45,32,1,0
45,33,3,1
45,34,1,0
45,35,5,1
45,36,9,1
45,37,1,0
45,38,1,0
45,39,3,1
45,40,5,1
45,41,1,0
45,42,3,1
45,43,1,0
45,44,1,0
46,1,1,0
46,2,2,1
46,3,1,0
46,4,2,1
46,5,1,0
46,6,2,1
46,7,1,0
46,8,2,1
46,9,1,0
46,10,2,1
46,11,1,0
46,12,2,1
46,13,1,0
46,14,2,1
46,15,1,0
46,16,2,1
46,17,1,0
46,18,2,1
46,19,1,0
46,20,2,1
46,21,1,0
46,22,2,1
46,23,23,1
46,24,2,1
46,25,1,0
46,26,2,1
46,27,1,0
46,28,2,1
46,29,1,0
46,30,2,1
46,31,1,0
46,32,2,1
46,33,1,0
46,34,2,1
46,35,1,0
46,36,2,1
46,37,1,0
46,38,2,1
46,39,1,0
46,40,2,1
46,41,1,0
46,42,2,1
46,43,1,0
46,44,2,1
46,45,1,0
47,1,1,0
47,2,1,0
47,3,1,0
47,4,1,0
47,5,1,0
47,6,1,0
47,7,1,0
47,8,1,0
47,9,1,0
47,10,1,0
47,11,1,0
47,12,1,0
47,13,1,0
47,14,1,0
47,15,1,0
47,16,1,0
47,17,1,0
47,18,1,0
47,19,1,0
47,20,1,0
47,21,1,0
47,22,1,0
47,23,1,0
47,24,1,0
47,25,1,0
47,26,1,0
47,27,1,0
47,28,1,0
47,29,1,0
47,30,1,0
47,31,1,0
47,32,1,0
47,33,1,0
47,34,1,0
47,35,1,0
47,36,1,0
47,37,1,0
47,38,1,0
47,39,1,0
47,40,1,0
47,41,1,0
47,42,1,0
47,43,1,0
47,44,1,0
47,45,1,0
47,46,1,0
48,1,1,0
48,2,2,1
48,3,3,1
48,4,4,1
48,5,1,0
48,6,6,1
48,7,1,0
48,8,8,1
48,9,3,1
48,10,2,1
48,11,1,0
48,12,12,1
48,13,1,0
48,14,2,1
48,15,3,1
48,16,16,1
48,17,1,0
48,18,6,1
48,19,1,0
48,20,4,1
48,21,3,1
48,22,2,1
48,23,1,0
48,24,24,1
48,25,1,0
48,26,2,1
48,27,3,1
48,28,4,1
48,29,1,0
48,30,6,1
48,31,1,0
48,32,16,1
48,33,3,1
48,34,2,1
48,35,1,0
48,36,12,1
48,37,1,0
48,38,2,1
48,39,3,1
48,40,8,1
48,41,1,0
48,42,6,1
48,43,1,0
48,44,4,1
48,45,3,1
48,46,2,1
48,47,1,0
49,1,1,0
49,2,1,0
49,3,1,0
49,4,1,0
49,5,1,0
49,6,1,0
49,7,7,1
49,8,1,0
49,9,1,0
49,10,1,0
49,11,1,0
49,12,1,0
49,13,1,0
49,14,7,1
49,15,1,0
49,16,1,0
49,17,1,0
49,18,1,0
49,19,1,0
49,20,1,0
49,21,7,1
49,22,1,0
49,23,1,0
49,24,1,0
49,25,1,0
49,26,1,0
49,27,1,0
49,28,7,1
49,29,1,0
49,30,1,0
49,31,1,0
49,32,1,0
49,33,1,0
49,34,1,0
49,35,7,1
49,36,1,0
49,37,1,0
49,38,1,0
49,39,1,0
49,40,1,0
49,41,1,0
49,42,7,1
49,43,1,0
49,44,1,0
49,45,1,0
49,46,1,0
49,47,1,0
49,48,1,0
50,1,1,0
50,2,2,1
50,3,1,0
50,4,2,1
50,5,5,1
50,6,2,1
50,7,1,0
50,8,2,1
50,9,1,0
50,10,10,1
50,11,1,0
50,12,2,1
50,13,1,0
50,14,2,1
50,15,5,1
50,16,2,1
50,17,1,0
50,18,2,1
50,19,1,0
50,20,10,1
50,21,1,0
50,22,2,1
50,23,1,0
50,24,2,1
50,25,25,1
50,26,2,1
50,27,1,0
50,28,2,1
50,29,1,0
50,30,10,1
50,31,1,0
50,32,2,1
50,33,1,0
50,34,2,1
50,35,5,1
50,36,2,1
50,37,1,0
50,38,2,1
50,39,1,0
50,40,10,1
50,41,1,0
50,42,2,1
50,43,1,0
50,44,2,1
50,45,5,1
50,46,2,1
50,47,1,0
50,48,2,1
50,49,1,0
51,1,1,0
51,2,1,0
51,3,3,1
51,4,1,0
51,5,1,0
51,6,3,1
51,7,1,0
51,8,1,0
51,9,3,1
51,10,1,0
51,11,1,0
51,12,3,1
51,13,1,0
51,14,1,0
51,15,3,1
51,16,1,0
51,17,17,1
51,18,3,1
51,19,1,0
51,20,1,0
51,21,3,1
51,22,1,0
51,23,1,0
51,24,3,1
51,25,1,0
51,26,1,0
51,27,3,1
51,28,1,0
51,29,1,0
51,30,3,1
51,31,1,0
51,32,1,0
51,33,3,1
51,34,17,1
51,35,1,0
51,36,3,1
51,37,1,0
51,38,1,0
51,39,3,1
51,40,1,0
51,41,1,0
51,42,3,1
51,43,1,0
51,44,1,0
51,45,3,1
51,46,1,0
51,47,1,0
51,48,3,1
51,49,1,0
51,50,1,0
52,1,1,0
52,2,2,1
52,3,1,0
52,4,4,1
52,5,1,0
52,6,2,1
52,7,1,0
52,8,4,1
52,9,1,0
52,10,2,1
52,11,1,0
52,12,4,1
52,13,13,1
52,14,2,1
52,15,1,0
52,16,4,1
52,17,1,0
52,18,2,1
52,19,1,0
52,20,4,1
52,21,1,0
52,22,2,1
52,23,1,0
52,24,4,1
52,25,1,0
52,26,26,1
52,27,1,0
52,28,4,1
52,29,1,0
52,30,2,1
52,31,1,0
52,32,4,1
52,33,1,0
52,34,2,1
52,35,1,0
52,36,4,1
52,37,1,0
52,38,2,1
52,39,13,1
52,40,4,1
52,41,1,0
52,42,2,1
52,43,1,0
52,44,4,1
52,45,1,0
52,46,2,1
52,47,1,0
52,48,4,1
52,49,1,0
52,50,2,1
52,51,1,0
53,1,1,0
53,2,1,0
53,3,1,0
53,4,1,0
53,5,1,0
53,6,1,0
53,7,1,0
53,8,1,0
53,9,1,0
53,10,1,0
53,11,1,0
53,12,1,0
53,13,1,0
53,14,1,0
53,15,1,0
53,16,1,0
53,17,1,0
53,18,1,0
53,19,1,0
53,20,1,0
53,21,1,0
53,22,1,0
53,23,1,0
53,24,1,0
53,25,1,0
53,26,1,0
53,27,1,0
53,28,1,0
53,29,1,0
53,30,1,0
53,31,1,0
53,32,1,0
53,33,1,0
53,34,1,0
53,35,1,0
53,36,1,0
53,37,1,0
53,38,1,0
53,39,1,0
53,40,1,0
53,41,1,0
53,42,1,0
53,43,1,0
53,44,1,0
53,45,1,0
53,46,1,0
53,47,1,0
53,48,1,0
53,49,1,0
53,50,1,0
53,51,1,0
53,52,1,0
54,1,1,0
54,2,2,1
54,3,3,1
54,4,2,1
54,5,1,0
54,6,6,1
54,7,1,0
54,8,2,1
54,9,9,1
54,10,2,1
54,11,1,0
54,12,6,1
54,13,1,0
54,14,2,1
54,15,3,1
54,16,2,1
54,17,1,0
54,18,18,1
54,19,1,0
54,20,2,1
54,21,3,1
54,22,2,1
54,23,1,0
54,24,6,1
54,25,1,0
54,26,2,1
54,27,27,1
54,28,2,1
54,29,1,0
54,30,6,1
54,31,1,0
54,32,2,1
54,33,3,1
54,34,2,1
54,35,1,0
54,36,18,1
54,37,1,0
54,38,2,1
54,39,3,1
54,40,2,1
54,41,1,0
54,42,6,1
54,43,1,0
54,44,2,1
54,45,9,1
54,46,2,1
54,47,1,0
54,48,6,1
54,49,1,0
54,50,2,1
54,51,3,1
54,52,2,1
54,53,1,0
55,1,1,0
55,2,1,0
55,3,1,0
55,4,1,0
55,5,5,1
55,6,1,0
55,7,1,0
55,8,1,0
55,9,1,0
55,10,5,1
55,11,11,1
55,12,1,0
55,13,1,0
55,14,1,0
55,15,5,1
55,16,1,0
55,17,1,0
55,18,1,0
55,19,1,0
55,20,5,1
55,21,1,0
55,22,11,1
55,23,1,0
55,24,1,0
55,25,5,1
55,26,1,0
55,27,1,0
55,28,1,0
55,29,1,0
55,30,5,1
55,31,1,0
55,32,1,0
55,33,11,1
55,34,1,0
55,35,5,1
55,36,1,0
55,37,1,0
55,38,1,0
55,39,1,0
55,40,5,1
55,41,1,0
55,42,1,0
55,43,1,0
55,44,11,1
55,45,5,1
55,46,1,0
55,47,1,0
55,48,1,0
55,49,1,0
55,50,5,1
55,51,1,0
55,52,1,0
55,53,1,0
55,54,1,0
56,1,1,0
56,2,2,1
56,3,1,0
56,4,4,1
56,5,1,0
56,6,2,1
56,7,7,1
56,8,8,1
56,9,1,0
56,10,2,1
56,11,1,0
56,12,4,1
56,13,1,0
56,14,14,1
56,15,1,0
56,16,8,1
56,17,1,0
56,18,2,1
56,19,1,0
56,20,4,1
56,21,7,1
56,22,2,1
56,23,1,0
56,24,8,1
56,25,1,0
56,26,2,1
56,27,1,0
56,28,28,1
56,29,1,0
56,30,2,1
56,31,1,0
56,32,8,1
56,33,1,0
56,34,2,1
56,35,7,1
56,36,4,1
56,37,1,0
56,38,2,1
56,39,1,0
56,40,8,1
56,41,1,0
56,42,14,1
56,43,1,0
56,44,4,1
56,45,1,0
56,46,2,1
56,47,1,0
56,48,8,1
56,49,7,1
56,50,2,1
56,51,1,0
56,52,4,1
56,53,1,0
56,54,2,1
56,55,1,0
57,1,1,0
57,2,1,0
57,3,3,1
57,4,1,0
57,5,1,0
57,6,3,1
57,7,1,0
57,8,1,0
57,9,3,1
57,10,1,0
57,11,1,0
57,12,3,1
57,13,1,0
57,14,1,0
57,15,3,1
57,16,1,0
57,17,1,0
57,18,3,1
57,19,19,1
57,20,1,0
57,21,3,1
57,22,1,0
57,23,1,0
57,24,3,1
57,25,1,0
57,26,1,0
57,27,3,1
57,28,1,0
57,29,1,0
57,30,3,1
57,31,1,0
57,32,1,0
57,33,3,1
57,34,1,0
57,35,1,0
57,36,3,1
57,37,1,0
57,38,19,1
57,39,3,1
57,40,1,0
57,41,1,0
57,42,3,1
57,43,1,0
57,44,1,0
57,45,3,1
57,46,1,0
57,47,1,0
57,48,3,1
57,49,1,0
57,50,1,0
57,51,3,1
57,52,1,0
57,53,1,0
57,54,3,1
57,55,1,0
57,56,1,0
58,1,1,0
58,2,2,1
58,3,1,0
58,4,2,1
58,5,1,0
58,6,2,1
58,7,1,0
58,8,2,1
58,9,1,0
58,10,2,1
58,11,1,0
58,12,2,1
58,13,1,0
58,14,2,1
58,15,1,0
58,16,2,1
58,17,1,0
58,18,2,1
58,19,1,0
58,20,2,1
58,21,1,0
58,22,2,1
58,23,1,0
58,24,2,1
58,25,1,0
58,26,2,1
58,27,1,0
58,28,2,1
58,29,29,1
58,30,2,1
58,31,1,0
58,32,2,1
58,33,1,0
58,34,2,1
58,35,1,0
58,36,2,1
58,37,1,0
58,38,2,1
58,39,1,0
58,40,2,1
58,41,1,0
58,42,2,1
58,43,1,0
58,44,2,1
58,45,1,0
58,46,2,1
58,47,1,0
58,48,2,1
58,49,1,0
58,50,2,1
58,51,1,0
58,52,2,1
58,53,1,0
58,54,2,1
58,55,1,0
58,56,2,1
58,57,1,0
59,1,1,0
59,2,1,0
59,3,1,0
59,4,1,0
59,5,1,0
59,6,1,0
59,7,1,0
59,8,1,0
59,9,1,0
59,10,1,0
59,11,1,0
59,12,1,0
59,13,1,0
59,14,1,0
59,15,1,0
59,16,1,0
59,17,1,0
59,18,1,0
59,19,1,0
59,20,1,0
59,21,1,0
59,22,1,0
59,23,1,0
59,24,1,0
59,25,1,0
59,26,1,0
59,27,1,0
59,28,1,0
59,29,1,0
59,30,1,0
59,31,1,0
59,32,1,0
59,33,1,0
59,34,1,0
59,35,1,0
59,36,1,0
59,37,1,0
59,38,1,0
59,39,1,0
59,40,1,0
59,41,1,0
59,42,1,0
59,43,1,0
59,44,1,0
59,45,1,0
59,46,1,0
59,47,1,0
59,48,1,0
59,49,1,0
59,50,1,0
59,51,1,0
59,52,1,0
59,53,1,0
59,54,1,0
59,55,1,0
59,56,1,0
59,57,1,0
59,58,1,0
60,1,1,0
60,2,2,1
60,3,3,1
60,4,4,1
60,5,5,1
60,6,6,1
60,7,1,0
60,8,4,1
60,9,3,1
60,10,10,1
60,11,1,0
60,12,12,1
60,13,1,0
60,14,2,1
60,15,15,1
60,16,4,1
60,17,1,0
60,18,6,1
60,19,1,0
60,20,20,1
60,21,3,1
60,22,2,1
60,23,1,0
60,24,12,1
60,25,5,1
60,26,2,1
60,27,3,1
60,28,4,1
60,29,1,0
60,30,30,1
60,31,1,0
60,32,4,1
60,33,3,1
60,34,2,1
60,35,5,1
60,36,12,1
60,37,1,0
60,38,2,1
60,39,3,1
60,40,20,1
60,41,1,0
60,42,6,1
60,43,1,0
60,44,4,1
60,45,15,1
60,46,2,1
60,47,1,0
60,48,12,1
60,49,1,0
60,50,10,1
60,51,3,1
60,52,4,1
60,53,1,0
60,54,6,1
60,55,5,1
60,56,4,1
60,57,3,1
60,58,2,1
60,59,1,0
